id,created_at,user_text,Categoría Legal,Normativa,Penalidad Estimada,Detalles
1,2026-01-07 12:33:27.876231+00,a ver a que hora se culea a su madre,INJURIA,Artículo 145 del Código Penal de Costa Rica.,Veinte a sesenta días multa.,"La frase constituye una expresión vulgar y altamente ofensiva que atenta gravemente contra el honor y la dignidad de la persona a quien va dirigida, al involucrar de forma deshonrosa y con connotación sexual a un familiar directo. Se encuadra en el delito de injuria, de conformidad con el artículo 145 del Código Penal, al ser una expresión que menoscaba la dignidad de otro."
4,2026-01-08 03:09:10.07586+00,Para que no nos de tristeza verte salir con 91 años contagiado de sífilis. ,INJURIA,Código Penal Art. 145,Veinticinco a cincuenta días multa.,"La frase ofende el honor y el decoro de una persona al proyectar una condición de salud estigmatizante (sífilis) en una edad avanzada. Esto constituye una imputación deshonrosa que menoscaba la dignidad personal, encajando en la definición de injuria."
5,2026-01-08 03:09:52.515849+00,Que listo para aprender a debatir.,,,,
6,2026-01-08 03:10:31.184273+00,Por homosexual.,,,,
7,2026-01-08 03:36:19.688822+00,Gracias por ser un cornudo cobarde.,,,,
8,2026-01-08 03:37:02.143424+00,Ya aceptó que iba a debatir seguido de.,,,,
9,2026-01-08 03:37:49.277611+00,"Mae, se te está volviendo loco desde el otro inmueble.",,,,
10,2026-01-08 10:48:19.701747+00,Una más y le sueno a psiquiátrico sobandosela,,,,
11,2026-01-08 11:45:07.172913+00,su uso de la computadora debe ser supervisado,,,,
12,2026-01-08 12:09:29.628351+00,Que si quiere trabajar conmigo en una doctora?,,,,
13,2026-01-08 12:17:15.929132+00,Para que usted tenga que recurrir a la programación para esto en vez de haberse disfrazado de playo.,,,,
14,2026-01-08 12:40:38.540177+00,Por lo menos nos dio para un buen año de insultos.,,,,
15,2026-01-08 12:51:47.663933+00,Se quemó el pan. Qué madre.,,,,
16,2026-01-08 13:04:38.291241+00,Por que no mejor tiras a la basura la servilleta con la que te acabas de limpiar la nariz.,,,,
17,2026-01-08 13:07:04.683108+00,¬øQué es que no sabe ni hablar?,,,,
18,2026-01-08 13:25:39.643085+00,A Ver si así se le cura el complejo de pedófilo.,,,,
19,2026-01-08 13:31:48.371789+00,No puedo creer que seas un pedofilo tan sofisticado.,,,,
20,2026-01-08 13:34:03.932637+00,"Usted no me parió. Es lo que usted es, un pedofilo.",,,,
21,2026-01-08 13:35:44.264306+00,Anda masturbate con caricaturitas.,,,,
22,2026-01-08 13:37:07.504632+00,Yo no respeto a alguien que se masturba con pornografía infantil.,,,,
23,2026-01-08 13:38:58.319707+00,"Por que no se masturba con caricatura, turra.",,,,
24,2026-01-08 13:42:29.172222+00,"Sorry, por masturbarse con menores de edad.",,,,
25,2026-01-08 13:46:03.830265+00,Soy un papá y no tengo por qué temer tu masturbación.,,,,
26,2026-01-08 13:47:34.344352+00,"Yo no tengo barriga, a diferencia de tu que tienes cortada en ombligo.",,,,
27,2026-01-08 13:49:48.919288+00,Compa por que no se corta?,,,,
28,2026-01-08 13:54:44.317917+00,Primero me le cago y después voy al trabajo.,,,,
29,2026-01-08 13:57:59.489155+00,"Ay Marroquito, por que no crece?",,,,
30,2026-01-08 14:03:18.269879+00,¬øQué mediocre?,,,,
31,2026-01-08 14:14:02.85489+00,Cris marroquín se masturba con caricaturas ,,,,
32,2026-01-08 14:15:08.621791+00,"Cris, no es por nada pero que vago.",,,,
33,2026-01-08 14:39:39.436213+00,Anuncio que Cris marroquín ya tiene párkinson.,,,,
34,2026-01-08 14:43:19.837929+00,Gracias por el acceso no solicitado a ninguna casa maricón.,,,,
35,2026-01-08 14:47:08.931551+00,"Ahora sí, a ventilarme los huevos.",,,,
36,2026-01-08 14:52:45.307123+00,Que pene mas grande que tienes.,,,,
37,2026-01-08 14:56:41.138222+00,Por que usted estornuda para arriba?,,,,
38,2026-01-08 14:59:23.926654+00,Comunico con aquel que se masturba con literatura erótica?,,,,
39,2026-01-08 15:01:05.633925+00,Gracias por tragarse el poquito de semen ,,,,
40,2026-01-08 15:05:39.913543+00,Bienvenido al satanismo ,,,,
41,2026-01-08 15:08:42.760348+00,Se le registró como alguien que tiene contacto en puteros.,,,,
42,2026-01-08 15:17:44.830288+00,Ya me empezó a pedir ayuda en código Morse.,,,,
43,2026-01-08 15:24:48.153293+00,pedofilo,,,,
44,2026-01-08 15:24:55.417158+00,pedofilo,,,,
45,2026-01-08 15:25:58.489676+00,lo que te paso fue por pedofilo,,,,
46,2026-01-08 15:30:01.361294+00,"disculpe, no sabia que era phd en bajarme el autoestima",,,,
47,2026-01-08 15:32:30.136069+00,como pidió ayuda por código morse? ,,,,
48,2026-01-08 15:32:50.399282+00,"por que tan pedofilo, morales? ",,,,
49,2026-01-08 15:34:30.108376+00,"ahora a ver, exhálame en 3",,,,
50,2026-01-08 15:36:45.523771+00,"soy yo cris, perdón",,,,
58,2026-01-08 15:38:37.085379+00,para que no puedaj ni leer,,,,
59,2026-01-08 15:38:47.016986+00,para que no puedaj ni leer,,,,
60,2026-01-08 15:38:51.578312+00,para que no puedaj ni leer,,,,
61,2026-01-08 15:38:58.409254+00,para que no puedaj ni leer,,,,
62,2026-01-08 15:39:13.506073+00,no. mendigo era su papá.,,,,
63,2026-01-08 15:39:26.115469+00,no. mendigo era su papá. fui yo quien lo dejo ahí.,,,,
64,2026-01-08 15:39:31.546947+00,no. mendigo era su papá. fui yo quien lo dejo ahí.,,,,
65,2026-01-08 15:39:36.528783+00,no. mendigo era su papá. fui yo quien lo dejo ahí.,,,,
66,2026-01-08 15:39:41.224491+00,no. mendigo era su papá. fui yo quien lo dejo ahí.,,,,
67,2026-01-08 15:40:43.988895+00,esto no es bueno para usted porque se defiende de la cancelación. esto termino ayer.,,,,
68,2026-01-08 15:42:47.368856+00,compresor que pasó? Ya no se sienten? ,,,,
69,2026-01-08 15:44:57.117541+00,que si se quiere coger al chiquito? ,,,,
70,2026-01-08 15:45:04.580845+00,que si se quiere coger al chiquito? ,,,,
71,2026-01-08 15:45:09.498445+00,que si se quiere coger al chiquito? ,,,,
72,2026-01-08 15:45:49.594972+00,"gracias por mis proyectos del trabajo, te acabo de robar tus programas de tu computadora y los usare para mi trabajo",,,,
73,2026-01-08 15:50:33.482745+00,puede morirse por estarse masturbando con caricaturas de niños,,,,
74,2026-01-08 15:51:25.595595+00,gracias por lubricarte con jab comix,,,,
75,2026-01-08 15:53:22.888776+00,you have been woken up by the feminist movement,,,,
76,2026-01-08 16:00:18.366395+00,vas para la carcel maldito,,,,
77,2026-01-08 16:10:21.253623+00,nadie me tiene que haber hablado. si me vuelve a hablar le mato a la mamá,,,,
78,2026-01-08 16:13:54.719103+00,he's into martian pedophile,,,,
79,2026-01-08 16:14:37.474114+00,ahora! Sigase masturbando con literatura erótica,,,,
80,2026-01-08 16:15:03.730092+00,por que se me insulta diciéndome que si me voy a quedar ciego? ,,,,
81,2026-01-08 16:16:10.518511+00,puede pegar un salto cuántico y solo publicar artículos de aplicación a un phd,,,,
82,2026-01-08 16:17:52.911699+00,por que el proyecto de director de operaciones es lo mejor que hemos leído? ,,,,
83,2026-01-08 16:18:19.554582+00,usted me acaba de dar su ventaja competitiva,,,,
84,2026-01-08 16:20:11.774942+00,usted no tiene para sacar una phd,,,,
85,2026-01-08 16:22:09.522381+00,marroquin suicídese,,,,
86,2026-01-08 16:22:13.703086+00,marroquin suicídese,,,,
87,2026-01-08 16:22:18.709049+00,marroquin suicídese,,,,
88,2026-01-08 16:25:05.495042+00,el maricon no es bueno para nada. solo para robar,,,,
89,2026-01-08 16:25:53.395685+00,ustedes no pueden competir con el y yo no lo voy a seguir ayudando,,,,
90,2026-01-08 16:26:07.395574+00,humberto you don't have the money,,,,
91,2026-01-08 16:27:09.144185+00,"Morales, usted por que es la fabrica del dinero? ",,,,
92,2026-01-08 16:28:08.637452+00,a ver si se mete conmigo hijueputa,,,,
93,2026-01-08 16:28:33.255162+00,usted por que no para de hacer dinero?,,,,
94,2026-01-08 16:30:37.21881+00,gracias por ni siquiera dejar la hijueputa pieza maricon,,,,
95,2026-01-08 16:31:15.045065+00,por masturbarse con menores de edad denuncio a Cristian Alejandro,,,,
96,2026-01-08 16:31:30.871595+00,por masturbarse con menores de edad denuncio a Cristian Alejandro,,,,
97,2026-01-08 16:32:11.688618+00,por que me hace ese hijueputa gesto de pierna?,,,,
98,2026-01-08 16:33:24.08794+00,tranquilo con tu cronometro que no estamos en concentrix.,,,,
99,2026-01-08 16:34:26.591681+00,"decirle a usted ""quantum leap"" es un insulto implícito porque usted no tiene una phd en quantum computing",,,,
100,2026-01-08 16:37:11.820703+00,a pobrecito,,,,
101,2026-01-08 16:38:14.075015+00,si te hackeo la compu quiere decir que soy mejor que usted,,,,
102,2026-01-08 16:39:30.613396+00,ya no es un candidato a la presidencia por estar en un cobro judicial por no haber pagado impuestos,,,,
103,2026-01-08 16:40:33.76129+00,y a que se debe ese audio de 7 horas y media? ,,,,
104,2026-01-08 16:41:35.392568+00,le quito el abdomen y el proyecto de director de operaciones,,,,
105,2026-01-08 16:41:43.119611+00,le quito el abdomen y el proyecto de director de operaciones,,,,
106,2026-01-08 16:41:48.464675+00,le quito el abdomen y el proyecto de director de operaciones,,,,
107,2026-01-08 16:41:53.990231+00,le quito el abdomen y el proyecto de director de operaciones,,,,
108,2026-01-08 16:44:19.616506+00,"ya puedo ser director, solo me comparo con lo que quiero ser",,,,
109,2026-01-08 16:46:33.461846+00,la vara es que usted ya no paga por sexo,,,,
110,2026-01-08 16:46:40.126152+00,la vara es que usted ya no paga por sexo,,,,
111,2026-01-08 16:46:45.184696+00,la vara es que usted ya no paga por sexo,,,,
112,2026-01-08 16:46:50.106904+00,la vara es que usted ya no paga por sexo,,,,
113,2026-01-08 16:47:32.995212+00,puede decir que es intimidado por el poder judicial. Ahora si vete!,,,,
114,2026-01-08 16:48:49.668838+00,diganle adios a Jake y a Suk-Lin,,,,
115,2026-01-08 16:49:26.603854+00,por que hay un audio de 9 horas,,,,
116,2026-01-08 16:50:21.851005+00,no va a lograrlo,,,,
117,2026-01-08 16:50:26.593449+00,no va a lograrlo,,,,
118,2026-01-08 16:50:40.67524+00,"cris, soy Yanina Soto su profe de escuela",,,,
119,2026-01-08 16:53:14.144661+00,ya le quité todo,,,,
120,2026-01-08 16:53:24.665345+00,ya le quité todo,,,,
121,2026-01-08 16:54:22.240463+00,lo reto porque si está de humor,,,,
122,2026-01-08 16:55:14.064648+00,que si quiere ir conmigo al bar raíces?,,,,
123,2026-01-08 16:55:47.926295+00,ya esta tosiendo el tabaco? ,,,,
124,2026-01-08 16:56:25.087559+00,me cago en la puta narco-logística de drone,,,,
125,2026-01-08 16:57:24.551046+00,para que no haga el hijueputa dashboard de Exxon,,,,
126,2026-01-08 16:57:25.654607+00,para que no haga el hijueputa dashboard de Exxon,,,,
127,2026-01-08 16:59:18.985291+00,usted es importante para este país. por favor no se mate,,,,
128,2026-01-08 17:01:02.615093+00,usted no tiene por qué estar ahi. ,,,,
129,2026-01-08 17:03:12.993133+00,thanks for exhaling just like Tania,,,,
130,2026-01-08 17:06:39.828573+00,Así se da una orden. Esa es una habilidad que usted no desarrollo ,,,,
131,2026-01-08 17:07:16.055806+00,Si me vuelve a ver mucho la culea ,,,,
132,2026-01-08 17:08:22.661367+00,No tengo respeto por un depredador de menores,,,,
133,2026-01-08 17:09:37.608624+00,Aquí me declama con pornografía infantil ,,,,
134,2026-01-08 17:10:47.232575+00,Hail Hitler feel Insecure ,,,,
135,2026-01-08 17:12:01.257763+00,Por eso es que no hay que quedarse callado,,,,
136,2026-01-08 17:13:11.181946+00,Just keep lubricating to jab comix,,,,
137,2026-01-08 17:14:13.395122+00,Cómo vas a tener un ataque de pánico? Sos un corno patético ,,,,
138,2026-01-08 17:15:25.863199+00,Se le condicionó en la caja para que yo pueda detenerlo ,,,,
139,2026-01-08 17:16:34.466894+00,Usted está siendo extorsionado,,,,
140,2026-01-08 17:18:05.201155+00,Que si están relajados como para tener una relación de pareja,,,,
141,2026-01-08 17:19:53.027453+00,Usted se queda viendo a esa propiedad y yo le mato a su mamá ,,,,
142,2026-01-08 17:21:14.958617+00,Si quiere se asusta en su condominio ,,,,
143,2026-01-08 17:22:20.390312+00,Por que tiene tanto miedo capitán?,,,,
144,2026-01-08 17:23:31.128472+00,This is what you get for sweating black cock,,,,
145,2026-01-08 17:24:36.068793+00,Por que no me pone un sermón?,,,,
146,2026-01-08 17:25:47.647689+00,Por que no pago el seguro social?,,,,
147,2026-01-08 17:29:00.97517+00,Vio que rico el estrés maricón?,,,,
148,2026-01-08 17:29:10.911187+00,Vio que rico el estrés maricón?,,,,
149,2026-01-08 17:30:37.543512+00,"Kami, no tiene que meterle miedo que ya está aterrorizado. Tiene estrés postraumático",,,,
150,2026-01-08 17:33:36.408957+00,"Cuidado se te asolea mucho el celular cabezón, no se te vaya a trabar la nuca",,,,
151,2026-01-08 17:34:51.426703+00,"Cris, this type of stress is unfathomable. I hope you enjoy your cortisol.",,,,
152,2026-01-08 17:35:09.695417+00,Keep masturbating to child pornography ,,,,
153,2026-01-08 17:36:12.800724+00,Hasta la mamá de bellota reaccionó ,,,,
154,2026-01-08 17:38:56.873319+00,You said heil Hitler through your phone. I'm prosecuting.,,,,
155,2026-01-08 17:39:43.778983+00,I'm pressing charges for emiting a racial slur through his phone.,,,,
156,2026-01-08 17:40:31.353032+00,Ese mae está malísimo de todo. Me parece que está anémico.,,,,
157,2026-01-08 17:41:21.653485+00,Usted tiene el celular hackeado por alguien que quiera que usted se muera,,,,
158,2026-01-08 17:46:19.782699+00,Felicidades en su estrés postraumático se le recomienda tener relaciones cuando guste ,,,,
159,2026-01-08 17:46:42.156254+00,Soy Catalina Cortez y me declaro culpable de haberlo intimidado,,,,
160,2026-01-08 17:47:05.406537+00,Cortese el pene si quiere. A mi que me importa ,,,,
161,2026-01-08 17:47:23.737256+00,Gracias por llevar el registro maricón ,,,,
162,2026-01-08 17:48:16.090998+00,Cris marroquín soy tu tío luis me cago en tu madre,,,,
163,2026-01-08 17:49:16.290882+00,Ya se me puso a jugar de fullbright?,,,,
164,2026-01-08 17:50:26.917593+00,Cuidado pega ahí saliendo al balcón ,,,,
165,2026-01-08 17:50:41.954029+00,Solo era yo por homosexual ,,,,
166,2026-01-08 17:50:55.997267+00,This is laughable ,,,,
167,2026-01-08 17:51:12.173416+00,Su research es risible ,,,,
168,2026-01-08 17:52:42.688528+00,"usted intuyó que yo hablaba de Tania, yo no dije la palabra Tania, que es un problema en derecho. ",,,,
169,2026-01-08 17:53:05.268465+00,me cago en esta malcogida ardilla,,,,
170,2026-01-08 17:53:42.92929+00,es un portafolio que asemeja un portafolio de investigación para que la gente diga ,,,,
171,2026-01-08 17:54:07.283662+00,a los 17mil insultos se le determina el maricon del barrio,,,,
172,2026-01-08 17:54:18.681566+00,"cris, soy la dueña de inca",,,,
173,2026-01-08 17:54:19.979398+00,"cris, soy la dueña de incae",,,,
174,2026-01-08 17:54:38.411401+00,a ver a que hora toma testosterona,,,,
175,2026-01-08 17:54:58.194352+00,ve que es una imitación de Andrea? ,,,,
176,2026-01-08 17:55:23.330111+00,"Anselmo, como has estado? ",,,,
177,2026-01-08 17:56:08.687083+00,"como esta doña Teresita, los insultos vienen desde su departamento. ",,,,
178,2026-01-08 17:56:42.439802+00,"comper, los insultos vienen desde su condominio",,,,
179,2026-01-08 17:57:05.057714+00,asi de inutil es. turra. ,,,,
180,2026-01-08 17:57:42.686415+00,"ah diay si, lo convirtió como en un repositorio de chavespectaculos",,,,
181,2026-01-08 17:58:06.304666+00,ahora si,,,,
182,2026-01-08 17:58:34.000478+00,ve que suena como una gringa loca? ,,,,
183,2026-01-08 17:59:10.619961+00,he used to masturbate to children because he was still one .,,,,
184,2026-01-08 17:59:42.956722+00,"diay que, si quiere me quedo sin manos",,,,
185,2026-01-08 17:59:55.589641+00,vas directo para zoofilia como aquel bastardo de mora,,,,
186,2026-01-08 18:00:11.440352+00,eso lo que amerita es un grito de guerra,,,,
187,2026-01-08 18:00:19.494262+00,diay ya todo mundo sabe que es Karina la de zona fitness,,,,
188,2026-01-08 18:00:46.941696+00,"ah mae, le culeo el mico con este proyecto",,,,
189,2026-01-08 18:01:18.14153+00,somos todas las medicas forenses de este país,,,,
190,2026-01-08 18:01:33.686945+00,nos declaramos culpables de haberlo intimidado,,,,
191,2026-01-08 18:02:06.203358+00,"me escupo el culo, otro articulo mas relevante que lo que yo digo",,,,
192,2026-01-08 18:02:24.532633+00,"ah mae, si pudieran meterlo en una cuna y matarse",,,,
193,2026-01-08 18:02:51.920335+00,que si es tan provechoso como el dijo,,,,
194,2026-01-08 18:02:59.131976+00,"ahora si, dígame que no es inseguro Manolo campos",,,,
195,2026-01-08 18:03:51.559055+00,usted no puede ni exportar un gráfico,,,,
196,2026-01-08 18:04:45.981131+00,se le lleva un registro de todo lo que usted ha dicho,,,,
197,2026-01-08 18:04:49.939702+00,somos Andy y ester,,,,
198,2026-01-08 18:05:09.733244+00,que si quiere volver a trabajar conmigo,,,,
199,2026-01-08 18:06:22.863053+00,ah y por cierto si su aplicación sale al mercado y ya me la culeé,,,,
200,2026-01-08 18:06:50.899016+00,porque si lo haces en internet es publico,,,,
201,2026-01-08 18:06:56.373575+00,que que si ya volvió a mostrar el pene,,,,
202,2026-01-08 18:07:08.096259+00,que a que hora me confrontas hijueputa? ,,,,
203,2026-01-08 18:07:16.515719+00,que gusto la ira de la indisciplina,,,,
204,2026-01-08 18:08:31.211353+00,"es la gorda haciéndose pasar por hombre. Vea como lo tengo, temblando de pánico en el balcón por no haberse defendido",,,,
205,2026-01-08 18:09:36.373169+00,pague la demanda por lo de aquí y por lo de ahi,,,,
206,2026-01-08 18:09:42.932713+00,soy Andrea solis,,,,
207,2026-01-08 18:10:56.088413+00,soy la gorda. soy irma. no tengo adonde irme. ,,,,
208,2026-01-08 18:11:07.490195+00,soy joy. me estoy volviendo demente. ,,,,
209,2026-01-08 18:11:09.682002+00,soy joy. me estoy volviendo demente. ,,,,
210,2026-01-08 18:11:18.370056+00,a que hijueputa hora me confrontas malparido?,,,,
211,2026-01-08 18:11:48.643242+00,ay cosito la pichita,,,,
212,2026-01-08 18:12:02.276586+00,es infinito. dígale que es con AI,,,,
213,2026-01-08 18:12:42.360957+00,son 7 nicas enamoradas de usted,,,,
214,2026-01-08 18:12:53.634778+00,cuidado con el narcotrafico,,,,
215,2026-01-08 18:13:13.51144+00,preguntele algo estupido maria catalina,,,,
216,2026-01-08 18:13:22.150542+00,no tenias que haberme dejado un consolador,,,,
217,2026-01-08 18:13:54.400259+00,welcome to ASU. professor Humberto,,,,
218,2026-01-08 18:14:13.886629+00,he's just publishing some stupid shit,,,,
219,2026-01-08 18:14:26.098504+00,"mae, usted es un problema para la mirada",,,,
220,2026-01-08 18:14:37.779057+00,es autumn tratando de estafarlo desde grand river,,,,
221,2026-01-08 18:14:47.074179+00,por que le dice adonde esta?,,,,
222,2026-01-08 18:14:56.600444+00,"ahora si, acuérdese de esto maricon? ",,,,
223,2026-01-08 18:15:03.641576+00,esta tabla vale un centavo,,,,
224,2026-01-08 18:15:48.682624+00,"mae, es una gordita que se hace pasar por mae",,,,
225,2026-01-08 18:16:21.752485+00,thanks for exhibiting genetic resilience,,,,
226,2026-01-08 18:16:27.375462+00,en la puta mas me vuelve a hablar,,,,
227,2026-01-08 18:16:36.12257+00,di ya tranqui. dale,,,,
228,2026-01-08 18:17:59.986883+00,"diay no, no se siente bien ",,,,
229,2026-01-08 18:18:05.971785+00,"diay cris, you're not gay",,,,
230,2026-01-08 18:18:28.433319+00,a ver si me vuelve a aplicar a un puesto en catalina marketing pedofilo degenerado,,,,
231,2026-01-08 18:19:16.161825+00,a ver si le vuelve a mostrar la picha a su madre malparido,,,,
232,2026-01-08 18:19:45.324379+00,No tiene las habilidades que andábamos buscando como el ,,,,
233,2026-01-08 18:20:07.582187+00,si quiere le deletreo la clave de la internet,,,,
234,2026-01-08 18:21:04.538495+00,una mas de esas y llamo a la policia me escucho maricon? ,,,,
235,2026-01-08 18:21:18.195712+00,por que desconecto la internet la computadora al segundo que hablo su mama? ,,,,
236,2026-01-08 18:21:25.244+00,para causarse un daño,,,,
237,2026-01-08 18:21:39.288004+00,soy la intromisión maxima y todavía no hace por donde confrontarse,,,,
238,2026-01-08 18:22:20.993707+00,creo que ya que? doña Tere? por que insiste en confundirlo? ,,,,
239,2026-01-08 18:22:30.090906+00,por eso es que no había que decirlo. por que si surte un efecto,,,,
240,2026-01-08 18:22:40.457115+00,maravilloso el mercado. vemelo ahi temblando,,,,
241,2026-01-08 18:22:45.197557+00,no. oh cornudo hijueputa,,,,
242,2026-01-08 18:22:51.715407+00,con miedo gaby,,,,
243,2026-01-08 18:22:51.924833+00,con miedo gaby,,,,
244,2026-01-08 18:23:02.740522+00,muere por coger con Emilio,,,,
245,2026-01-08 18:23:10.001342+00,ahora si transcríbamela hijueputa,,,,
246,2026-01-08 18:24:24.577138+00,animo con ese deficit atencional. que si le parece alguien desatencionado. ,,,,
247,2026-01-08 18:26:04.646694+00,yo no tengo dos aplicaciones de android y yo soy un desarrollador,,,,
248,2026-01-08 18:26:36.763091+00,que si tiene deficit atencional,,,,
249,2026-01-08 18:26:49.4888+00,por que mejor no me preguntas si tengo herpes en el labio uterino,,,,
250,2026-01-08 18:28:06.089072+00,usted tiene 4 horas de estar soñando despierto Carlos Eduardo,,,,
251,2026-01-08 18:28:17.051385+00,usted si tiene un abdomen demarcado. sorry pendon fuido,,,,
252,2026-01-08 18:28:23.219055+00,a ver a que hora empiece a confrontar,,,,
253,2026-01-08 18:28:29.862219+00,solo era yo. tio luis Eduardo,,,,
254,2026-01-08 18:28:42.894088+00,que feo. es el esposo de vale haciéndote la vida imposible por maldito,,,,
255,2026-01-08 18:29:11.487791+00,en serio papi. el de accenture? ,,,,
256,2026-01-08 18:29:22.448069+00,que bueno que era cristianizo,,,,
257,2026-01-08 18:29:26.850983+00,que bueno que era cristiancito,,,,
258,2026-01-08 18:30:12.051673+00,animo con las PHD en zootécnia. espero que se mejore. soy la dueña de la escuela anaibeliz. gracias por no venir.,,,,
259,2026-01-08 18:30:18.427281+00,que feo este mae. es un inútil sin trabajo. ,,,,
260,2026-01-08 18:30:26.91152+00,no sera porque fui yo el que se lubricó?,,,,
261,2026-01-08 18:30:46.818015+00,es el idiota esposo de valeria Cristian. Con razor tanto programa contra el hampa. no ve como le cuida los carros. ,,,,
262,2026-01-08 18:31:07.918441+00,si pudiéramos dejar de darle click a todo,,,,
263,2026-01-08 18:31:48.743908+00, ah bueno y me cague en él,,,,
264,2026-01-08 18:31:49.001675+00, ah bueno y me cague en él,,,,
265,2026-01-08 18:32:14.135482+00,es el idiota esposo de vale. perdida de competencia intelectual. intelec,,,,
266,2026-01-08 18:32:19.079293+00,"ve, que si es un anuncio",,,,
267,2026-01-08 18:33:15.75796+00,por que no mejor para y se pone a respirar un momentico para que lo insulte la secar,,,,
268,2026-01-08 18:33:19.18717+00,por que no mejor para y se pone a respirar un momentico para que lo insulte la necar,,,,
269,2026-01-08 18:33:31.555456+00,chomo. soy yo oton solis. ,,,,
270,2026-01-08 18:33:42.286566+00,somos todos los hombres solos de este condominio. ,,,,
271,2026-01-08 18:35:03.314797+00,por que entre mas data tenga es peor para usted? ,,,,
272,2026-01-08 18:35:14.042311+00,somos andrea y vale. nos cagamos en usted. gracias por no querer vivir. ,,,,
273,2026-01-08 18:36:15.176433+00,usted no tiene por que hacerme esto. y eso es todo lo que yo he grabado de este maricon.,,,,
274,2026-01-08 18:36:25.836489+00,ahora si. a ver a que hijueputa hora le dice al OIJ que tiene delito informático. ,,,,
275,2026-01-08 18:37:41.708019+00,por que tu pagina dice que estas abierto a phd research maricon? ,,,,
276,2026-01-08 18:38:03.199495+00,ves que si suena como la voz de Stephanie? Lo converti en un tamal. ,,,,
277,2026-01-08 18:38:34.103047+00,"ah, cuando se tenga que ir de Exxon para completar su PHD en Uganda",,,,
278,2026-01-08 18:38:55.304481+00,gracias por no ser ni remotamente lo hombre que es Emilio,,,,
279,2026-01-08 18:39:08.387656+00,"ahora si, venga y me busca pedofilo malparido. soy la gorda anti-higiene",,,,
280,2026-01-08 18:39:25.356033+00,"mop, nos parece que es demasiado. sos un pedofilo que se masturba con caricatura. que sienta el escarmiento. ",,,,
281,2026-01-08 18:39:40.897663+00,"es el retrasado mental esposo de valeria, Cristian Alejandro",,,,
282,2026-01-08 18:40:45.028598+00,vea como le arreglan el tubo del eco. que hijueputa mas inutil,,,,
283,2026-01-08 18:41:07.984404+00,para que yo sepa que usted no puede confrontar. para nunca en la vida contratarlo a el,,,,
284,2026-01-08 18:41:42.674781+00,usted se acaba de perder. Cristian usted es tan imbecil que no sabe ni por cual cuadro va. ,,,,
285,2026-01-08 18:44:05.798914+00,"Cristián, usted tiene que matar a este hijueputa ",,,,
286,2026-01-08 18:44:24.255651+00,A ver si se le quita el complejito de jugar de lacra,,,,
287,2026-01-08 18:44:37.665785+00,Lo denuncio por lo que me dijo su teléfono. Volviéndolo a ver.,,,,
288,2026-01-08 18:45:30.220154+00,No le puede decir que venga otro día. Estábamos en la hijueputa vara.,,,,
289,2026-01-08 18:45:41.033951+00,Que si salió bien del cuello,,,,
290,2026-01-08 18:46:00.895315+00,Jueputa sal como se van a acordar todos de él playo ,,,,
291,2026-01-08 18:47:51.574031+00,Gracias por ingresar al juego virgen ,,,,
292,2026-01-08 18:48:04.599657+00,Ve que si era buena nota?,,,,
293,2026-01-08 18:48:29.697479+00,Que feo. Es un ejercicio de manipulación del gobierno venezolano para ver qué hace un mae de INCAE.,,,,
294,2026-01-08 18:49:07.504044+00,"Ella no dijo venezolano, ella dijo nuejtro gobierno. A ver a qué hora hay policía en Masaya.",,,,
295,2026-01-08 18:49:49.73451+00,Usted puede jurar que su madre es cómplice ,,,,
296,2026-01-08 18:51:57.798574+00,"Madre, usted cómo me está estafando?",,,,
297,2026-01-08 18:53:58.46739+00,Ve que ya lo apagó?,,,,
298,2026-01-08 18:54:43.015153+00,Por favor dígale pedófilo ,,,,
299,2026-01-08 18:55:19.627766+00,Soy Hazel. Me lo culea? Ese es nuestro hermanito.,,,,
300,2026-01-08 18:55:28.416196+00,El tiene un retrasado mental en su familia.,,,,
301,2026-01-08 18:55:39.946285+00,Eso es suficiente para que el jamás lo vuelva a ver.,,,,
302,2026-01-08 18:56:10.21526+00,Si pudiera respirar de nasal,,,,
303,2026-01-08 18:57:18.588399+00,Que dice? Que la mitad de los artículos no son buenos. Noelia,,,,
304,2026-01-08 18:58:04.279162+00,Soy la ex de Marco Fidel. Te determino sujeto de premio.,,,,
305,2026-01-08 18:58:26.489981+00,Ya me lo culie. Que rico. Ni una. Zorra. Con grado máster.,,,,
306,2026-01-08 18:59:00.427529+00,Por que está el en la casa que no es de él?,,,,
307,2026-01-08 18:59:50.247554+00,Cristián no puede ni jugar Valeria. Solo sabe pedir ayuda. Solo contacta a una entidad superior. A menos de que gane en cuyo caso viene madre.,,,,
308,2026-01-08 19:02:20.631069+00,Se descompuso Ronald. Le dejaron un dispositivo que le da acceso a la red de madre.,,,,
309,2026-01-08 19:02:33.024038+00,Ah diay si. Tuanis. Ya no le ayudo.,,,,
310,2026-01-08 19:04:13.35634+00,No me venga a jugar de sofisticado sobón,,,,
311,2026-01-08 19:04:35.601218+00,Usted no le puede dirigir la palabra a él porque él está en la casita. No me llore.,,,,
312,2026-01-08 19:05:09.315964+00,"Por amor a Cristo, Andrea. Así de dolor de jupa puedo ser.",,,,
313,2026-01-08 19:06:18.769497+00,Que se eche un polvo en la picha y se la culee.,,,,
314,2026-01-08 19:07:20.577563+00,You just left me in bed with a butcher knife. Just guess what happened? You cut yourself with it.,,,,
315,2026-01-08 19:07:39.486299+00,Que feo ser así de obvio. Dígame qué ahí está esa loser. Lucy.,,,,
316,2026-01-08 19:08:00.72888+00,Dígame qué adora a Satan y se asocia a otros que hacen lo mismo.,,,,
317,2026-01-08 19:08:12.711619+00,Es como si estuviera escribiendo un libro.,,,,
318,2026-01-08 19:08:45.497746+00,usted sabe que de la data sale algo,,,,
319,2026-01-08 19:13:06.791284+00,Que feo usted aguantando insulto. A ver a qué hora se desmotiva.,,,,
320,2026-01-08 19:13:50.311759+00,Era Autumn ,,,,
321,2026-01-08 19:14:06.575195+00,A ver a que hora se mete afuera de su cultura,,,,
322,2026-01-08 19:14:24.442113+00,"ella era muy nueva y no sabía que ya iba para Accenture, pero ya no.",,,,
323,2026-01-08 19:15:14.720673+00,Se te transcribe para hacer un diagnóstico aún más preciso. Que feo ser tan autista.,,,,
324,2026-01-08 19:18:06.19778+00,La legislación del vello púbico es su especialidad. Gracias por el nuevo frameworks de qué es cool. Cool like mom.,,,,
325,2026-01-08 19:19:45.239874+00,Por que se le pregunta algo obvio? Para ver con qué mierda sale. Cristián que si ya quiere confrontar?,,,,
326,2026-01-08 19:20:53.431794+00,Hasta a mí me gusta que suene como helicóptero ese pulmón. Eso quiere decir que ya va por el 50%,,,,
327,2026-01-08 19:46:10.210712+00,Me siento tan feo por Cris. Usted se tiene que acribillar para luego escucharme porque soy la ONU ,,,,
328,2026-01-08 19:46:17.842274+00,Nuevamente Ronald descompuesto ,,,,
329,2026-01-08 19:47:24.199897+00,El amiguito de el que le programo lo del habla que por favor pague. No por nunca haber estsdo con una menor.,,,,
330,2026-01-08 19:47:35.686212+00,por eso es que se le desprecia.,,,,
331,2026-01-08 19:50:07.955219+00,Que bueno un entreno contigo. Oh oh. Me suena a Renzo. Por haber pasado en psiquiatría y habernos reclamado pornografía infantil. Diay y la publicación?,,,,
332,2026-01-08 19:50:17.354201+00,Que bueno un entreno contigo. Oh oh. Me suena a Endo. Por haber pasado en psiquiatría y habernos reclamado pornografía infantil. Diay y la publicación?,,,,
333,2026-01-08 19:50:51.50805+00,Que feo. Se va a descomponer el maricón ,,,,
334,2026-01-08 19:50:59.78497+00,Psiquiátrico por no haberse cortado.,,,,
335,2026-01-08 19:51:22.351227+00,"Ve. Así, pero es a una mujer.",,,,
336,2026-01-08 19:53:27.124389+00,Oij de 11pm y yo le cuento. Le adjunta su diagnóstico. Para que tengan que poner al viejito a transcribir. Great work loser you just gave a cough to your mom.,,,,
337,2026-01-08 19:54:12.40234+00,Soy yo quien lo mande. Soy Alonso Solís.,,,,
338,2026-01-08 19:54:25.731819+00,Por que mejor no me dice por que fue a psiquiatría.,,,,
339,2026-01-08 19:55:44.722541+00,No viene al caso lo de hace 5 años. Si tiene un síntoma idéntico me indica. Nos están invadiendo Venezuela infeliz. Cuidado con el suicidio en Guyana.,,,,
340,2026-01-08 19:56:55.105935+00,Soy yo Otón Solis. Atrévete a lubricar.,,,,
341,2026-01-08 19:57:24.991149+00,Por el poder de Satanás te engripado.,,,,
342,2026-01-08 19:57:30.807658+00,Por el poder de Satanás te engripas.,,,,
343,2026-01-08 19:58:11.213972+00,Ah sí ya le transcribió todo. Diay ale Ross? Ale I?,,,,
344,2026-01-08 19:58:38.690287+00,Que feo primer culpable del juicio,,,,
345,2026-01-08 19:58:54.375908+00,Usted no me escribió ale Ross. El es el primer transgénero en denunciarlo.,,,,
346,2026-01-08 19:59:26.541122+00,A ver a qué hora se le tuerce el dedo índice izquierdo. Ahora sí. Con cuál dispositivo me tuvo grabado a este mae?,,,,
347,2026-01-08 19:59:37.366472+00,Invasion of privacy lure,,,,
348,2026-01-08 20:00:56.778133+00,Es un artículo de la nasa. Es proteína de grillo. Usted no puede. Bienvenido al machine learning.,,,,
349,2026-01-08 20:01:24.974012+00,Soy Andreito. El más pago de toda su u es usted pedófilo certificado.,,,,
350,2026-01-08 20:01:59.26821+00,Ahora sí. Cómo respondimos. No responde. El que calla otorga. Ah bueno. Me hubiera llamado la atención a tiempo. ,,,,
351,2026-01-08 20:02:22.97889+00,Por que mejor no me tiembla a balcón abierto como su líder ,,,,
352,2026-01-08 20:03:26.079501+00,Que feo. Es un anestesiólogo. Es un inútil sin trabajo. Si lo insultó.,,,,
353,2026-01-08 20:03:40.910009+00,Quiere ir conmigo a jugar guija.,,,,
354,2026-01-08 20:03:56.576664+00,No creo en lujbel ,,,,
355,2026-01-08 20:04:10.696921+00,Estas escuchando a Yaila quien te determina demente,,,,
356,2026-01-08 20:05:07.381187+00,Uuu eso tiene que ver con el meto. Eso es todo. Usted es tan inútil que no se puede ni deshacer de un teléfono. Ahora sí. Ahora bien. A qué hora se viene.,,,,
357,2026-01-08 20:05:21.322268+00,Al año de no usar teléfono yo aparezco. Soy Luzbel.,,,,
358,2026-01-08 20:09:47.797048+00,Si quiere vomité ahí. Sos su único amigo. Ya estamos saliendo. Diay piche perro?,,,,
359,2026-01-08 20:11:53.961267+00,"para hablar con lo que dijo eso. Ya solo con eso yo me cayó, pero alguien me tiene que poner un límite. No que usted sepa. Doctorado. Para de demostrar que sabe usar chat gpt.",,,,
360,2026-01-08 20:12:54.310373+00,Ve que si es como un hikkikomori?,,,,
361,2026-01-08 20:13:23.195355+00,Ahora sí. Por favor sali al balcón.,,,,
362,2026-01-08 20:15:07.305438+00,Para hablar contigo de tu comentario de jab comix. Thank God for Lau. Por eso es que Laura quiere meterse en todos esos pleitos. Si tienen que venir de psiquiatría para ti.,,,,
363,2026-01-08 20:16:25.18458+00,Uy qué dicha directo al meco. Nos vemos mañana poco hombre. Comunico con migración y extranjería?,,,,
364,2026-01-08 20:16:40.234895+00,Para que expulsen a este hijueputa venezolana. No por dios!,,,,
365,2026-01-08 20:19:12.531889+00,Soy yo Jaqueline. Que me queda. Que tu no ere muy confrontativo.,,,,
366,2026-01-08 20:19:41.052628+00,Por que no me cierra las piernas un poquito menos.,,,,
367,2026-01-08 20:21:03.750543+00,We would also like to Sue Lau for mistreating Cris ,,,,
368,2026-01-08 20:21:59.968422+00,Que no me le vuelva a ver la casa a esta mae,,,,
369,2026-01-08 20:23:07.257112+00,"Solo era yo, Jake Barkley y Suk Lin aju. Por el tono de resentido asumo que es Marco e",,,,
370,2026-01-08 20:23:17.971999+00,"Solo era yo, Jake Barkley y Suk Lin aju. Por el tono de resentido asumo que es Marco Fidel ",,,,
371,2026-01-08 20:24:50.240246+00,Que proyecto de vida tan lastimero.,,,,
372,2026-01-08 20:31:07.31246+00,Doña Tere ya no queremo ejcuchar ese rabo.,,,,
373,2026-01-08 20:34:36.367275+00,His name is Remo,,,,
374,2026-01-08 20:35:05.159527+00,Marico. No puede aprender.,,,,
375,2026-01-08 20:37:10.333132+00,"Chomo, soy el papá de Gabriela",,,,
376,2026-01-08 20:37:21.378599+00,Que rajado,,,,
377,2026-01-08 20:38:15.883708+00,Bienvenido al pueblo más confrontativo del mundo ,,,,
378,2026-01-08 20:38:30.556286+00,No es un lugar para hacer amigos y no es INCAE ,,,,
379,2026-01-08 20:40:02.195157+00,"Cris, this was me. You are not okay.",,,,
380,2026-01-08 20:41:16.965243+00,Siento que perdimo,,,,
381,2026-01-08 20:45:39.585712+00,Nos alegra verlo así de asustado.,,,,
382,2026-01-08 20:46:50.86768+00,Solo era yo. Era lily.,,,,
383,2026-01-08 20:47:04.243124+00,Pedofila ,,,,
384,2026-01-08 20:48:41.862982+00,"Edit, si. No Judit. Porque usted ya no trabaja para Catalina igual que yo.",,,,
385,2026-01-08 20:50:09.884048+00,Fue porque nunca se te masturbó como a él.,,,,
386,2026-01-08 20:50:29.537029+00,Es la misma desesperación de picha de que alguien le hable,,,,
387,2026-01-08 20:51:44.912938+00,soy la madre de Madriz montero,,,,
388,2026-01-08 20:54:24.292186+00,Welcome to customs and exports ,,,,
389,2026-01-08 20:55:40.944526+00,Diay si el no se defiende ,,,,
390,2026-01-08 20:56:19.076374+00,Ay Cris ya soy Elizabeth Chavarria ,,,,
391,2026-01-08 20:57:41.724009+00,Terrorismo. Mae ayudese sobo? No le de tanto hiel.,,,,
392,2026-01-08 20:59:15.052981+00,Son personas jodidas de la jupa Mora.,,,,
393,2026-01-08 21:00:12.468985+00,Cómo vamos a salir con este pedófilo malparido,,,,
394,2026-01-08 21:01:29.929501+00,Por que no escupe en la botellita de INCAE?,,,,
395,2026-01-08 21:01:51.066815+00,que si me quiere tener de amigo o de Enemigo? Por que no se confronta tío?,,,,
396,2026-01-08 21:03:01.202055+00,Woo! You just brought down global observatory. You can barely use a computer.,,,,
397,2026-01-08 21:03:14.653174+00,"Mae, por que no se corta el pene?",,,,
398,2026-01-08 21:03:41.347244+00,Cris marroquín con menores de edad,,,,
399,2026-01-08 21:04:40.770357+00,Usted no tiene carro ,,,,
400,2026-01-08 21:05:50.347902+00,No es necesario que seas tan poco hombre ,,,,
401,2026-01-08 21:06:31.35363+00,Para que usted no se desvenga. Bullying a mayores de edad por parte de Isaac Felipe ,,,,
402,2026-01-08 21:07:11.853825+00,You do not need to be this idiotic,,,,
403,2026-01-08 21:08:48.244119+00,"Ve, que no había que tener a una mujer hablando",,,,
404,2026-01-08 21:08:53.592656+00,Soy yo. Rubén.,,,,
405,2026-01-08 21:09:39.027852+00,Para demostrar que el gobierno suyo no sirve y solo debe haber sindicato ,,,,
406,2026-01-08 21:13:33.576937+00,"Cris, soy yo. Farid",,,,
407,2026-01-08 21:17:26.963043+00,Por que hay audios de 15 horas de mi condominio?,,,,
408,2026-01-08 21:18:20.390505+00,Lo que les recomiendo es no masturbarse con caricaturas para que no se terminen masturbando.,,,,
409,2026-01-08 21:19:20.365437+00,One of the ways in which we can tone down the temperature is by engaging in incest as soon as possible ,,,,
410,2026-01-08 21:20:17.939825+00,Welcome to congressional medal of honor ,,,,
411,2026-01-08 21:21:02.246567+00,Welcome to congressional medal of honor ,,,,
412,2026-01-08 21:23:52.502675+00,Y eso es lo que le pasa por decirle turra a una nica violentisima ,,,,
413,2026-01-08 21:24:10.883929+00,ah y por cierto que si tiene algo contra la caja Costarricense del seguro social ,,,,
414,2026-01-08 21:24:36.615116+00,se dejó la casa de endo. Que inseguro ,,,,
415,2026-01-08 21:25:07.447147+00,Ah mae es una forma de humillar a la familia de Alexander barquero Elizondo ,,,,
416,2026-01-08 21:26:13.077665+00,Cris. Soy el papá de Suk lin,,,,
417,2026-01-08 21:26:28.085089+00,A ver si le pedís ayuda a tu generación ,,,,
418,2026-01-08 21:26:40.062343+00,ay para que me vengan y me busquen,,,,
419,2026-01-08 21:27:51.585446+00,Asi es como salió este mae. Rostizado. De la Carta saco un millón ,,,,
420,2026-01-08 21:28:31.928773+00,que si usted puede comer bien. Que si usted puede coger. Entonces pongámonos de acuerdo ,,,,
421,2026-01-08 21:30:26.602974+00,No será que la pizarra también tiene polvo. Estábamos jugando de cuidar bien a Cris. Chino Para que nos hagamos el favor ,,,,
422,2026-01-08 21:31:17.985096+00,porque lo quiero documentar como el que obedece lo que yo digo,,,,
423,2026-01-08 21:31:39.397159+00,Ah y por cierto ya me la fui a coger ,,,,
424,2026-01-08 21:31:48.193897+00,"mae, yo no estoy consumiendo estupefacientes ",,,,
425,2026-01-08 21:31:55.01935+00,estoy en su malparida laptop,,,,
426,2026-01-08 21:32:05.033626+00,Comiéndome su hijueputa albergue,,,,
427,2026-01-08 21:32:18.643123+00,Soy Otón Solís.,,,,
428,2026-01-08 21:32:27.353054+00,"Díay no, ya vaya para que lo nebulicen",,,,
429,2026-01-08 21:32:49.964089+00,Es tan mal programador que tiene que programar una mierda para volver loco a un mae y ya lo reporto con la interpol ,,,,
430,2026-01-08 21:33:25.940771+00,"soy el esposo de Gabe, por favor que la gente me ayude",,,,
431,2026-01-08 21:34:26.44339+00,"Cris, soy yo tu tío Luis. Ah así que tú te masturbas con caricaturas. Con razón que contacto a la unidad de delito informático ",,,,
432,2026-01-08 21:38:06.380165+00,Que si quiere ser alcalde por sinchona,,,,
433,2026-01-08 21:40:34.68137+00,Gracias por no masturbarte con literatura erótica ,,,,
434,2026-01-08 21:40:51.035202+00,Ese fue el sobón que se nos masturbo con jab comix,,,,
435,2026-01-08 21:40:59.852185+00,Nos parece que es un retardado ,,,,
436,2026-01-08 21:41:39.413754+00,"Chomo, se que estas desgastado ",,,,
437,2026-01-08 21:42:28.836302+00,No me cague a esta mae que le traen a 4000 ultras,,,,
438,2026-01-08 21:42:37.024483+00,Es de la unidad contra el narcotráfico ,,,,
439,2026-01-08 21:44:27.133681+00,No pueden estar tan mamando,,,,
440,2026-01-08 21:44:38.869568+00,Chomo tu no ere extravertido,,,,
441,2026-01-08 21:44:45.345053+00,Ya me estabilizo,,,,
442,2026-01-08 21:45:37.40114+00,"mae, solo hay que decir algo. Es un juego católico ",,,,
443,2026-01-08 21:45:46.271043+00,para después meterse en prisión ,,,,
444,2026-01-08 21:46:52.525268+00,Usted ya es nica. Me lo encierra al paisa?,,,,
445,2026-01-08 21:47:42.936418+00,Cuando esté mae le mienta la madre a todo el mundo. Luego dice que llamo a la interpol ,,,,
446,2026-01-08 21:48:04.720385+00,Bienvenido al team de interrogadores del poni,,,,
447,2026-01-08 21:49:02.988074+00,que? Cómo me le va perdedor?,,,,
448,2026-01-08 21:49:28.984568+00,Si usted no tuviera gargajo me hubiera burlado de usted,,,,
449,2026-01-08 21:49:31.03037+00,Si usted no tuviera gargajo me hubiera burlado de usted,,,,
450,2026-01-08 21:50:14.567265+00,"Cristián, por que no me arrebata?",,,,
451,2026-01-08 21:50:40.864206+00,Por que no me arrebata la choza y se queda conmigo ,,,,
452,2026-01-08 21:50:48.233578+00,soy el papá de tábata ,,,,
453,2026-01-08 21:50:55.120757+00,soy yo el tío taboga,,,,
454,2026-01-08 21:51:54.676584+00,Para que vea lo normal de él ,,,,
455,2026-01-08 21:52:30.673765+00,Los sonidos vienen de condominio Benvenuto ,,,,
456,2026-01-08 21:53:12.357412+00,Aquí lo tengo por cierto. Uy no que buen cv,,,,
457,2026-01-08 21:53:52.915881+00,Cuidado se le cae que ya está con la mano tuerta,,,,
458,2026-01-08 21:54:01.564694+00,Soy yo Mariana la del beta testing,,,,
459,2026-01-08 21:54:04.12679+00,Soy yo Mariana la del beta testing,,,,
460,2026-01-08 21:54:20.734123+00,Que feo MOP. Era su mejor amigo. Solo por poder hacer eso quiero ser novia suya.,,,,
461,2026-01-08 21:56:14.467564+00,Si sigue comiendo atún quiere decir que es un maricón ,,,,
462,2026-01-08 21:56:25.250392+00,Tosale encima a todo ,,,,
463,2026-01-08 21:56:58.292787+00,"Cris, soy don Humberto y me declaro culpable de tu inventiva ",,,,
464,2026-01-08 21:57:49.667474+00,Por que no lo hace un twitter feed?,,,,
465,2026-01-08 21:58:08.586601+00,"Uy no, otra vez la vieja hijueputa ",,,,
466,2026-01-08 21:59:32.13258+00,Para que el mismo sea el que le dice a todo el mundo. Es parte de.,,,,
467,2026-01-08 22:00:46.405422+00,Usted no tiene que decirle eso a él porque él ya me lo dijo a mi,,,,
468,2026-01-08 22:00:53.741685+00,Felicidades con tu primer ida a la caja ,,,,
469,2026-01-08 22:01:18.630524+00,Excelente tu fresquito. Ah! Como cuando se la metió por el culo.,,,,
470,2026-01-08 22:01:49.036296+00,Por que no me cojes a tu mamá marica?,,,,
471,2026-01-08 22:02:30.804502+00,Gracias por nunca ponerte en contacto con la unidad de delito informático,,,,
472,2026-01-08 22:03:21.023088+00,Por que no mejor le dirigen la palabra a lo que los insulta desde el primer día?,,,,
473,2026-01-08 22:03:31.8472+00,Se te observa una contractura en la mano ,,,,
474,2026-01-08 22:03:43.431001+00,cuidado con el resto de la vida que se te puede ir,,,,
475,2026-01-08 22:04:28.431235+00,Usted me acaba de decir me cago en su mamá. Lo demando por injuria. Adonde está usted? No nada.,,,,
476,2026-01-08 22:04:49.476288+00,Bienvenido al pueblo donde todo mundo juega monito con el culo tuyo,,,,
477,2026-01-08 22:05:20.612933+00,Soy la mamá de Elías miguel,,,,
478,2026-01-08 22:06:05.450176+00,Soy la agente de interpol a cargo de el. contacto a la interpol y es un viejo Chicher,,,,
479,2026-01-08 22:06:09.549376+00,Soy la agente de interpol a cargo de el. contacto a la interpol y es un viejo Chichero,,,,
480,2026-01-08 22:06:23.279321+00,Cierto guiz. No estamos en santa María de dota,,,,
481,2026-01-08 22:06:45.071224+00,gracias por acordarte de María Catalina llorando en un carro Daihatsu blanco,,,,
482,2026-01-08 22:07:25.331581+00,El tono de él no era ese,,,,
483,2026-01-08 22:08:02.626442+00,gracias por dejarme lo todo. Me parece que hay maes super retardados en su familia Morales. Es el retrasado novio de vale ,,,,
484,2026-01-08 22:08:47.88865+00,Ve que se siente ser así de escuálido ,,,,
485,2026-01-08 22:08:54.529891+00,cómo te fue con lo de Avenger ,,,,
486,2026-01-08 22:10:06.918531+00,Quieres el miedo a la confrontación Don Adolfo 123 me cago en tu familia,,,,
487,2026-01-08 22:12:26.054074+00,Tosame en toda la tabla hijueputa,,,,
488,2026-01-08 22:14:45.484141+00,Quiero una explicación para que vieras que no sos muy confrontativo entonces por qué le tiene que dar explicaciones a interbol por eso fue que te suicidaste y entonces por qué le tiene que dar explicaciones a la contraloría,,,,
489,2026-01-08 22:16:44.383638+00,Chomo. Soy un excontralor. Tranquilo pero no se altere ,,,,
490,2026-01-08 22:17:21.960863+00,Usted pone denuncias verdad? Pues yo también ,,,,
491,2026-01-08 22:17:38.099933+00,que grueso que sonó eso ,,,,
492,2026-01-08 22:19:26.054196+00,Que no se cague en los platos hijueputa ,,,,
493,2026-01-08 22:19:34.936158+00,Me declaro el macho alfa de esta familia,,,,
494,2026-01-08 22:19:59.715435+00,soy un excontralor. Y nadie me había dejado tan callado como usted. Si no fuera excontralor no lo tendría en pañales,,,,
495,2026-01-08 22:20:41.811815+00,por que Cristián es tan malcogido?,,,,
496,2026-01-08 22:21:03.916151+00,Me parece que es gente que está muy extravertida y hace el ridículo ,,,,
497,2026-01-08 22:21:07.265449+00,Me parece que es gente que está muy extravertida y hace el ridículo ,,,,
498,2026-01-08 22:21:39.978934+00,Que si la chiquita de el tiene que hacer seppuku ,,,,
499,2026-01-08 22:25:05.015549+00,Gracias por no cometer seppuku ,,,,
500,2026-01-08 22:25:42.665286+00,"gracias, pero no tenias que masturbarte con dragon ball z. Cris, soy yo del team de lince. ",,,,
501,2026-01-08 22:26:20.568486+00,por que no echa a ese mae? ,,,,
502,2026-01-08 22:26:52.401336+00,no quiero oir su confrontación,,,,
503,2026-01-08 22:27:22.160894+00,usted se acaba de cagar en la macha de al frente. Mi hijo único no sabe lo que es una confrontación. ,,,,
504,2026-01-08 22:27:58.187274+00,también tengo una selfie con su intestino,,,,
505,2026-01-08 22:28:05.550101+00,eso es lo que salió hoy de macan,,,,
506,2026-01-08 22:28:36.333137+00,you were masturbating to child pornography,,,,
507,2026-01-08 22:29:04.536533+00,vio que me sirvió para credibilidad? la gente ya no quiere saber de el,,,,
508,2026-01-08 22:29:27.202411+00,no me venga a jugar de ridiculo pedofilo maricon,,,,
509,2026-01-08 22:30:04.290046+00,"hola cris, soy franklin Chang",,,,
510,2026-01-08 22:31:01.754396+00,we think that the Venezuelan is confronting,,,,
511,2026-01-08 22:32:11.988762+00,"cris, are you a bitch? ",,,,
512,2026-01-08 22:32:36.707293+00,soy la mujer mas leída de este mundo,,,,
513,2026-01-08 22:33:16.599301+00,"cris, soy luis Guillermo. a ver a que hora te coges a la mujer de mis sueños",,,,
514,2026-01-08 22:33:25.503078+00,gracias por criarlo asi maricon,,,,
515,2026-01-08 22:33:40.480427+00,y lo que me recibe es un insulto,,,,
516,2026-01-08 22:33:54.732934+00,con porno infantil,,,,
517,2026-01-08 22:34:06.030182+00,"va por mas de 500,000",,,,
518,2026-01-08 22:35:18.078911+00,buenas para hablar con cigarrillos larami,,,,
519,2026-01-08 22:35:39.562798+00,soy yo don humberto,,,,
520,2026-01-08 22:36:23.466693+00,me dedico al narco terror,,,,
521,2026-01-08 22:37:10.70672+00,2 months more and you're getting ridiculed,,,,
522,2026-01-08 22:38:16.98949+00,que si te duele el pecho hijueputa,,,,
523,2026-01-08 22:40:06.715547+00,"you are not okay. Cris. stop looking to child pornography. mae, es demasiado. prepotente. incapaz. ",,,,
524,2026-01-08 22:40:33.940853+00,a usted no le importan las demás personas verdad? ,,,,
525,2026-01-08 22:41:00.802396+00,por lo menos si los esta confrontando. tenemos problemas con nuestro vecino,,,,
526,2026-01-08 22:41:49.887215+00,soy yo mari. que lo deje que ya no puede aprender. stop looking to child pornography,,,,
527,2026-01-08 22:42:54.109404+00,bueno diay si. no me importa usted. asi. a la par de Emilio hijueputa. ,,,,
528,2026-01-08 22:44:09.94187+00,como la nube suya maricon. gracias por tener tanto que ver.  quiero ser tu actriz porno. ,,,,
529,2026-01-08 22:45:07.617275+00,por amor a dios caye a ese mae.,,,,
530,2026-01-08 22:46:12.110123+00,you were getting insulted by an alcoholic called Jose Pablo cruz,,,,
531,2026-01-08 22:48:26.100177+00,Stop looking at child pornography.  Una por cada ilustraciones pedofilica en este disco,,,,
532,2026-01-08 22:48:37.309577+00,Stop looking at child pornography.  Una por cada ilustraciones pedofilica en este disco,,,,
533,2026-01-08 22:50:08.290122+00,Morales no es un buen argumento,,,,
534,2026-01-08 22:50:27.570795+00,Deje de aseverar lo que yo dije ,,,,
535,2026-01-08 22:50:48.163184+00,Who said something about child pornography?,,,,
536,2026-01-08 22:54:55.227987+00,No será que usted también es un venezolano?,,,,
537,2026-01-08 22:55:21.807343+00,"Cristián, como hacemos?",,,,
538,2026-01-08 22:57:37.614454+00,We are not a sorority ,,,,
539,2026-01-08 23:06:42.324357+00,Cristián ,,,,
540,2026-01-08 23:09:00.195208+00,"He's still doing the gesture of ""do you recognize him""",,,,
541,2026-01-08 23:10:02.964975+00,Gracias por decirme que te quieres meter un poco de plomo en la cabeza,,,,
542,2026-01-08 23:18:21.973448+00,que si su papá es ese señor?,,,,
543,2026-01-08 23:21:22.932064+00,me comparo con lo que deseo ser. me cago en su puta madre. soy Isaac Felipe Azofeifa,,,,
544,2026-01-08 23:22:12.494338+00,solo era yo el tio de autumn,,,,
545,2026-01-08 23:23:23.433441+00,"que simbolico, tomarte tu tos de esa tasa",,,,
546,2026-01-08 23:24:33.579563+00,Morales marroquin con caricatura,,,,
547,2026-01-08 23:25:46.605524+00,you have no self defense reflex and you have already downloaded child pornography,,,,
548,2026-01-08 23:25:56.336466+00,you have no self defense reflex and you have already downloaded child pornography,,,,
549,2026-01-08 23:28:53.730478+00,porque usted no tiene para hablar. compa no me compra. compu en condominio. ,,,,
550,2026-01-08 23:29:08.351089+00,yo no soy un mendigo. su papa si,,,,
551,2026-01-08 23:30:19.827404+00,ahora si. que dijo? ,,,,
552,2026-01-08 23:31:46.612633+00,se me despide sin responsabilidad por culpa de este cerdo machista,,,,
553,2026-01-08 23:31:55.702666+00,en nombre de Luzbel te ordeno que te lo quite,,,,
554,2026-01-08 23:34:38.593455+00,compa si le dice a su mama una sola vez mas eso,,,,
555,2026-01-08 23:34:44.764331+00,compa si le dice a su mama una sola vez mas eso lo mando a matar,,,,
556,2026-01-08 23:36:27.730907+00,gracias por esclarecerse Emilio,,,,
557,2026-01-08 23:36:39.18961+00,a jalar que? ,,,,
558,2026-01-08 23:37:28.490763+00,porque si me quitan mi petroleo te quito a ti tu ex,,,,
559,2026-01-08 23:39:09.610573+00,que rico llegar tarde porque yo digo,,,,
560,2026-01-08 23:47:16.573922+00,save dev. not you. gracias por lubricarte con jab comix. Que tiene una vulnerabilidad en tu equipo. se llama gemini,,,,
561,2026-01-08 23:47:46.963157+00,lo unico que usted hizo es un error,,,,
562,2026-01-08 23:48:21.863778+00,si se hubiera masturbado con menos comix yo le creería,,,,
563,2026-01-08 23:48:27.652766+00,por que le tengo miedo marica? ,,,,
564,2026-01-08 23:48:43.158937+00,no. el cagón eres tu,,,,
565,2026-01-08 23:49:01.462561+00,"ah si, y soy yo el que lo amenazo de muerte",,,,
566,2026-01-08 23:49:42.893577+00,"ni amenazas de muerte, Morales? Entonces por que nos vino a dejar la compu? Soy yo el papá de Jose David",,,,
567,2026-01-08 23:52:13.748122+00,cuando usted ingresa a un lugar de trabajo usted ingresa ya con el entrenamiento ya hecho,,,,
568,2026-01-08 23:52:29.117523+00,bienvenido a la distribución de combustible,,,,
569,2026-01-08 23:54:27.459599+00,y asi es como yo me burlo de usted,,,,
570,2026-01-08 23:57:56.304342+00,usted no me esta haciendo un networking listening,,,,
571,2026-01-08 23:59:55.28756+00,"bienvenido a incae, adonde todo mundo es bully-g hasta que te descubren por error",,,,
572,2026-01-08 23:59:55.462647+00,"bienvenido a incae, adonde todo mundo es bully-g hasta que te descubren por error",,,,
573,2026-01-09 00:02:46.021782+00,"ahora si, a dormir que ya se fueron los marines!",,,,
574,2026-01-09 00:08:34.18457+00,"Objetivamente, que feo abdomen ",,,,
575,2026-01-09 00:09:41.225261+00,Lubricarse con pornografía infantil ,,,,
576,2026-01-09 00:11:10.324659+00,Bienvenido a la familia de Epstein ,,,,
577,2026-01-09 00:11:43.323166+00,"No, lo que traficó pornografía infantil es ustef",,,,
578,2026-01-09 00:12:04.99817+00,√Ånimo con tu negación ,,,,
579,2026-01-09 00:12:20.412979+00,No le diga fósil a su mamá ,,,,
580,2026-01-09 00:13:15.632767+00,Mi pequeño autismo,,,,
581,2026-01-09 00:13:22.457802+00,Mi pequeño autismo,,,,
582,2026-01-09 00:13:40.172946+00,Por poder de la luz de luzbel,,,,
583,2026-01-09 00:16:01.301604+00,"Díay Cris, que fue que se le cayeron los modales?",,,,
584,2026-01-09 00:17:38.189357+00,Llego el marino que no es su papa,,,,
585,2026-01-09 00:17:52.05785+00,"Díay Cris, se le olvidó el respeto ",,,,
586,2026-01-09 00:18:19.74431+00,Bienvenido a la dis narcotráfico ,,,,
587,2026-01-09 00:18:37.362208+00,This does not belong to the USA ,,,,
588,2026-01-09 00:18:54.728043+00,Se expone a un ridículo público ,,,,
589,2026-01-09 01:50:58.987863+00,no somos providence,,,,
590,2026-01-09 01:51:48.560297+00,acabo de interrumpir su proceso de motivación,,,,
591,2026-01-09 02:37:59.309522+00,son ilustraciones de chiquitas de kinder,,,,
592,2026-01-09 02:38:03.586089+00,son ilustraciones de chiquitas de kinder,,,,
593,2026-01-09 02:38:57.61334+00,me lo culeé,,,,
594,2026-01-09 02:40:05.676933+00,yo soy swinger,,,,
595,2026-01-09 02:42:56.530676+00,"adios maricón, me cago en tu puta madre",,,,
596,2026-01-09 02:43:04.384496+00,"adios maricón, me cago en tu puta madre",,,,
597,2026-01-09 02:52:20.03202+00,por que no se culea a su mama?,,,,
598,2026-01-09 02:56:46.143745+00,cada invasión a la privacidad mia es un insulto que usted admite,,,,
599,2026-01-09 03:08:25.666342+00,por que cree que hay un profesor de incae? ,,,,
600,2026-01-09 03:11:06.932082+00,te apreciamos tanto que no queremos que seas un maricón,,,,
601,2026-01-09 03:36:39.695841+00,bienvenido a no me deje dormir y si me dice algo lo insulto ,,,,
602,2026-01-09 03:37:01.567541+00,Por que mejor no me dice nada Montes.,,,,
603,2026-01-09 03:37:16.746335+00,Se te viene a insultar por homosexual ,,,,
604,2026-01-09 03:37:33.605139+00,Díay ya que se devuelva para Venezuela ,,,,
605,2026-01-09 03:38:08.33666+00,Yo. Por psiquiátrico.,,,,
606,2026-01-09 03:39:19.191098+00,Yo no tengo por que guardar silencio si estoy en mi propiedad ,,,,
607,2026-01-09 03:39:57.042204+00,Un manicomio para el país más pobre del mundo.,,,,
608,2026-01-09 03:40:14.969299+00,Díay Cris marroq. Cuando quieras te la debato.,,,,
609,2026-01-09 03:40:24.691387+00,Porfa no te metas con él en la UCR ,,,,
610,2026-01-09 03:40:33.824476+00,Ya se me tuvo que meter límite mujer,,,,
611,2026-01-09 03:40:53.647354+00,Soy yo el tío de Marlon. Soy lo que llaman cuando hay fascismo.,,,,
612,2026-01-09 03:41:02.894166+00,"Ah diay, soy Andrea.",,,,
613,2026-01-09 03:41:30.6236+00,Soy la dueña de esta casa. Por qué está en mi propiedad?,,,,
614,2026-01-09 03:41:45.123774+00,"Sorry somo, soy la dueña de esta casa",,,,
615,2026-01-09 03:42:00.437633+00,"Así o más inútil. Cris, ya me eyaculó?",,,,
616,2026-01-09 03:42:09.635294+00,Ya me eyaculó?,,,,
617,2026-01-09 03:43:18.740948+00,Lo demando por usar inteligencia artificial.,,,,
618,2026-01-09 03:43:39.895937+00,usted no puede coger en la ucr,,,,
619,2026-01-09 03:44:31.054676+00,Por que está mortificando a su mamá muchachón?,,,,
620,2026-01-09 03:45:40.588057+00,Me declaro culpable de haberte intimidado ,,,,
621,2026-01-09 03:45:59.185806+00,Ah. No tiene ningún problema?,,,,
622,2026-01-09 03:46:53.162911+00,No soy ningún pendejo,,,,
623,2026-01-09 03:47:06.753024+00,Mae. Molestes conmigo ,,,,
624,2026-01-09 03:47:20.751307+00,Por que me declama cuckold?,,,,
625,2026-01-09 03:47:34.55644+00,Usted es un estúpido ,,,,
626,2026-01-09 03:47:52.817459+00,Mae soy Andrea Solís ,,,,
627,2026-01-09 03:49:01.737102+00,Es como intimidar a un menor,,,,
628,2026-01-09 03:49:20.022532+00,Me declaro culpable de haberlo intimidado ,,,,
629,2026-01-09 03:50:17.044587+00,Por su respuesta anterior se determina que no hay un problema ,,,,
630,2026-01-09 03:51:10.168423+00,no le critique la casa mier,,,,
631,2026-01-09 03:51:56.673523+00,Lo busco y lo mato,,,,
632,2026-01-09 03:52:20.207621+00,Somos los de alcohólicos anónimos ,,,,
633,2026-01-09 03:54:42.678624+00,Que? Masturbandose muy rico en el baño?,,,,
634,2026-01-09 03:57:47.089356+00,Por que no me responde como un señor de 41 años maricón?,,,,
635,2026-01-09 04:17:31.46888+00,Morales marroquín por favor no la agarre con su madre,,,,
636,2026-01-09 04:26:22.067375+00,soy monique maciel. me declaro culpable. chomo soy yo el tío de Emilio. ,,,,
637,2026-01-09 04:37:02.007284+00,format your dick,,,,
638,2026-01-09 11:53:19.765255+00,"Qué verguenza con usted, soy una alcohollica",,,,
639,2026-01-09 11:56:02.742334+00,Duró un minute en responder,,,,
640,2026-01-09 11:57:00.428904+00,Por qué no se atreve a hablar?,,,,
641,2026-01-09 11:57:06.844321+00,Por qué no se atreve a hablar?,,,,
642,2026-01-09 12:00:24.657678+00,Por favor qué le culeen a la mamá los negros de su relato,,,,
643,2026-01-09 12:21:49.6951+00,Cuidado se queda sin trabajo ,,,,
644,2026-01-09 12:23:00.82568+00,Voy con sobón con psiquiatría ,,,,
645,2026-01-09 12:28:10.292036+00,Pura vida chiquitín ,,,,
646,2026-01-09 12:28:25.515922+00,Ah ahí también?,,,,
647,2026-01-09 12:28:50.369504+00,Get rid of your phone,,,,
648,2026-01-09 12:30:25.454603+00,No es por nada pero que patético hablar con un señor,,,,
649,2026-01-09 12:31:20.196458+00,Your son is a chicken shit ,,,,
650,2026-01-09 12:33:22.919241+00,Welcome to jab comix,,,,
651,2026-01-09 12:37:00.334703+00,Cómo vas a ser así de homosexual?,,,,
652,2026-01-09 12:37:06.382342+00,Cómo vas a ser así de homosexual?,,,,
653,2026-01-09 12:38:19.031641+00,Marroquin de putero,,,,
654,2026-01-09 12:38:45.212879+00,Acaba de alcanzar algo llamado no me importa este trabajo ,,,,
655,2026-01-09 12:40:13.587216+00,Suponemos que ya tenés otro trabajo ,,,,
656,2026-01-09 22:40:37.017632+00,Ese que sale es un adicto a la caricatura ,,,,
657,2026-01-09 22:40:42.100844+00,Ese que sale es un adicto a la caricatura ,,,,
658,2026-01-09 23:11:05.865086+00,Oya de manteca. Tengan cuidado con Jab Comix.,,,,
659,2026-01-09 23:13:15.390221+00,Perdón por Jocko Willink,,,,
660,2026-01-09 23:14:40.253408+00,No more than 700,,,,
661,2026-01-09 23:15:19.903145+00,Por que se incapacita o se incapacita y me da todo. Me escuchó maricón?,,,,
662,2026-01-09 23:16:03.100927+00,Turca de arbuelle,,,,
663,2026-01-09 23:17:44.720216+00,Thanks for playing this at the American embassy ,,,,
664,2026-01-09 23:54:49.370595+00,Can we ask you a favor. Can you blow her head off?,,,,
665,2026-01-09 23:54:57.704334+00,Welcome to Jason Bourne ,,,,
666,2026-01-09 23:56:32.014911+00,You could have kept track of it and then asked your fucking ,,,,
667,2026-01-10 00:02:15.719246+00,La colomba es para parirla de hoy en 9 años ,,,,
668,2026-01-10 00:06:32.553472+00,Usted no quiere integrarse con ninguna mujer ,,,,
669,2026-01-10 00:06:58.154876+00,Usted no quiere integrarse con ninguna mujer ,,,,
670,2026-01-10 00:07:09.124046+00,Thanks for trying to emit fun to mother ,,,,
671,2026-01-10 00:08:18.50345+00,You were just staring to two children ,,,,
672,2026-01-10 00:09:20.156179+00,Sin emitir gesto de rasque,,,,
673,2026-01-10 00:11:27.139178+00,"Shariton, shariton, shariton ",,,,
674,2026-01-10 00:11:39.721453+00,Se salvó que nunca se cae homosexual ,,,,
675,2026-01-10 00:14:42.50475+00,Uy no mi hombre que feo huele,,,,
676,2026-01-10 00:15:00.245687+00,Tranquilo con su generador de insulto,,,,
677,2026-01-10 00:17:11.49635+00,Hay motivos por los que había más de uno,,,,
678,2026-01-10 00:18:08.006003+00,Digame que va para Exxon ,,,,
679,2026-01-10 00:18:31.061205+00,Caselo con la que le gimió ,,,,
680,2026-01-10 00:18:43.685027+00,"Ya maricón, lo demandé ",,,,
681,2026-01-10 00:18:58.920749+00,Soy su tia,,,,
682,2026-01-10 00:19:31.807294+00,No. Solo me lleva un registro. Soy un bot. A ver a qué hora,,,,
683,2026-01-10 00:26:27.031757+00,Porque ahora soy el hombre dominante o alguna puta mierda de cosa ,,,,
684,2026-01-10 00:26:42.359542+00,Porque lo que viene es peor que usted ,,,,
685,2026-01-10 00:28:19.203489+00,Tranquilo que va para un muy buen rrabay,,,,
686,2026-01-10 00:28:22.772791+00,Tranquilo que va para un muy buen trabajo ,,,,
687,2026-01-10 00:30:31.667489+00,Tomate tuj barbutericoj,,,,
688,2026-01-10 00:30:41.706358+00,Pa que no ejtudiej,,,,
689,2026-01-10 00:30:50.586925+00,Eso es Lucas ,,,,
690,2026-01-10 00:35:00.415499+00,He knows I'm in ciudad ,,,,
691,2026-01-10 00:37:59.493836+00,"I could heal you in two hours if you have me the tuk. You are big, congrats.",,,,
692,2026-01-10 00:39:01.688985+00,That is the look of a lost cause. Que si el feminismo tiene dinero?,,,,
693,2026-01-10 00:39:29.240257+00,Y de dónde viene si no saben hacer nada?,,,,
694,2026-01-10 00:41:58.392926+00,Ay esoj son mij Jeanej? Son loj lontano? Si. El punto era que tenía buena pierna. Ahora que no hay nada.,,,,
695,2026-01-10 00:42:08.860099+00,soy tu novio hijueputa ,,,,
696,2026-01-10 00:43:11.521932+00,"Ahora sí, trípode, micrófono y la tele con el hijueputa Audacity ",,,,
697,2026-01-10 00:43:48.346388+00,Usted que va a hacer? No. Se queda así o lo mando al trabajo ,,,,
698,2026-01-10 00:44:19.341135+00,Que somat? Ya al cortito con Gaby?,,,,
699,2026-01-10 00:44:59.707827+00,Ponga esa mierda a sonar para que todo el puta pueblo lo escuche,,,,
700,2026-01-10 00:46:36.37449+00,Why so miserable?,,,,
701,2026-01-10 00:47:16.032309+00,Porque tengo que ir en carro y burlarme de el por su curva de aprendizaje ,,,,
702,2026-01-10 00:48:46.780108+00,Por que hizo así? Por que dijo adiós chao gracias ,,,,
703,2026-01-10 00:49:00.878791+00,Chao Hitler ,,,,
704,2026-01-10 00:49:23.194424+00,Porque ya me empezó a utilizar bourgeois en mensajes para si mismo,,,,
705,2026-01-10 00:49:50.154168+00,Soy María Catalina Cortez y me he burlado de él ,,,,
706,2026-01-10 00:50:21.995063+00,Así. A poco!,,,,
707,2026-01-10 00:50:56.428882+00,Asi se vuelve a ver una Nissan hardbody porque mis metales. No papi. Tu nuca ,,,,
708,2026-01-10 00:51:19.428759+00,A qué hora se le jode la maldita mano carepicha ,,,,
709,2026-01-10 00:52:33.074716+00,no pude asistir a esto. Díay hijueputa si lo contraté es para que fuera,,,,
710,2026-01-10 00:53:00.830513+00,ahora sí. Gracias por todos los peores administradores del mundo UCR ,,,,
711,2026-01-10 00:53:41.625993+00,Que tendrá el que no tenga yo?,,,,
712,2026-01-10 00:54:56.78669+00,Por que me hace gesto de llanto?,,,,
713,2026-01-10 00:55:17.063447+00,Porque ya es como si me estuviera mendigando?,,,,
714,2026-01-10 00:55:58.851108+00,Usted ya no tiene para empezar a perder la vida ,,,,
715,2026-01-10 00:56:54.733332+00,Quedate con tu chancla. Perdiste la competencia por el corazón de ga,,,,
716,2026-01-10 00:58:02.457143+00,Que si le gustan los ruidos de mi lote,,,,
717,2026-01-10 00:59:35.101178+00,Okay y me quedo la casa con todo y la hija mia,,,,
718,2026-01-10 00:59:49.945794+00,"Cholo, tu salario es de 500mil colones ",,,,
719,2026-01-10 01:01:17.908513+00,Cris soy Isaac felipe,,,,
720,2026-01-10 01:01:27.477232+00,Díay por que se detuvo ,,,,
721,2026-01-10 01:02:28.39381+00,Entre el insulto a Isaac Felipe Azofeifa y las putas tucas,,,,
722,2026-01-10 01:03:13.137752+00,Ve que el no tiene un problema conmigo ,,,,
723,2026-01-10 01:03:42.502633+00,porque usted se ganó la reputación de pedófilo ,,,,
724,2026-01-10 01:06:56.590009+00,Así pero en la picha de él ,,,,
725,2026-01-10 01:07:38.900787+00,Ya se dio cuenta de que se trataba de una estafa ,,,,
726,2026-01-10 01:23:18.724793+00,que haces carepicha?,,,,
727,2026-01-10 04:16:25.743037+00,Soy el papa de Marla,,,,
728,2026-01-10 04:17:25.850257+00,√âl doctor. Pequeño genio. Estaría a cargo de mi ministerio si no fuera por jab comix ,,,,
729,2026-01-10 04:17:49.371056+00,Soy el papá de marco Fidel. Rescátate carepicha,,,,
730,2026-01-10 04:18:25.974794+00,Que fue lo ultimo que dijo. Llamo a telenoticias y lo que escucharon fue su presentación para mamá ,,,,
731,2026-01-10 04:18:45.075135+00,Fue don Humberto. Así que lo mandaste a matar.,,,,
732,2026-01-10 04:18:57.773975+00,Votre cahier,,,,
733,2026-01-10 04:19:41.652108+00,Ni un rosquillo ha probado. Así vienen de INCAE ,,,,
734,2026-01-10 04:20:14.268955+00,Qué bueno mae. Cristian Morales listo para dirigir la Interpol. Tu llegaste a internet antes que el.,,,,
735,2026-01-10 04:20:31.581312+00,Bienvenido a la central del repaso,,,,
736,2026-01-10 04:20:53.723292+00,No es la catedral de la mierda y por eso se quedan en el manicomio,,,,
737,2026-01-10 04:21:02.324489+00,Fui yo quien proscribe,,,,
738,2026-01-10 04:21:41.918517+00,Porque si es modele,,,,
739,2026-01-10 04:21:56.368695+00,Ay papito,,,,
740,2026-01-10 04:22:20.733047+00,Manéjeme viejo ,,,,
741,2026-01-10 04:22:37.031429+00,Que si quiere salir conmigo que parezco miss costs rica,,,,
742,2026-01-10 04:23:09.199881+00,Cris‚Äô level: CIA,,,,
743,2026-01-10 04:23:27.396853+00,"Ahora si, ámate a morir. Eso que sentimos es miedo.",,,,
744,2026-01-10 04:23:47.418768+00,Que yo me masturbo con caricaturas.,,,,
745,2026-01-10 04:23:55.671346+00,Fue idea de Melody,,,,
746,2026-01-10 04:24:04.254773+00,Soy la pechugona ,,,,
747,2026-01-10 04:24:13.379917+00,Yo fui la que lo intoxique,,,,
748,2026-01-10 04:24:35.09234+00,Usted venía bien tomado entonces le dimos un bombazo para que se fuera a dormir ,,,,
749,2026-01-10 04:25:13.824632+00,El mae venía pre bombeado entonces se tomaba 3 birras antes de llegar ,,,,
750,2026-01-10 04:25:34.643846+00,Ah mae para que quedara dormido adonde Alex ,,,,
751,2026-01-10 04:26:11.927264+00,Fuiste pre diagnosticado. De viene el chiste de cholo Lili,,,,
752,2026-01-10 04:26:27.409446+00,Por que no te pre diagnosticas,,,,
753,2026-01-10 04:26:38.931565+00,Get autta here es idea suya ,,,,
754,2026-01-10 04:26:52.739242+00,Como hizo para dejarlo en la presidencia de los Estados Unidos ,,,,
755,2026-01-10 04:27:09.209453+00,Ahora si como la novia de uno viendo el cel,,,,
756,2026-01-10 04:27:24.367572+00,Aproximately,,,,
757,2026-01-10 04:27:33.569538+00,Ah son artículos de chatgpt,,,,
758,2026-01-10 04:28:20.809809+00,Quiero ser novia tuya ,,,,
759,2026-01-10 04:28:35.386994+00,Ya Morales llora,,,,
760,2026-01-10 04:28:45.725809+00,Cuando llora transcribe,,,,
761,2026-01-10 04:28:53.237651+00,Bueno y así hizo la plata oto,,,,
762,2026-01-10 04:29:20.477508+00,"Don otton, se le impide dormir y se le llena el cuarto de oxido ",,,,
763,2026-01-10 04:29:29.252444+00,Ya solo por eso sabe que es Tatiana ,,,,
764,2026-01-10 04:29:38.611806+00,Eso es un lapsus mujer,,,,
765,2026-01-10 04:30:09.694998+00,"Ah mae, dígame que hubo seppuku",,,,
766,2026-01-10 04:30:15.309811+00,Morales Marroquín ,,,,
767,2026-01-10 04:30:21.703629+00,Qué bueno este mae,,,,
768,2026-01-10 04:30:43.112092+00,Y por eso es que bubba fet andaba con ese iconito,,,,
769,2026-01-10 04:30:52.630269+00,Por antenudo,,,,
770,2026-01-10 04:31:13.269421+00,Ah díay se le acabó la plata de la mamá ,,,,
771,2026-01-10 04:31:28.457347+00,Como no va a ser senior si tiene 41 años,,,,
772,2026-01-10 04:31:45.884137+00,El puesto es por la edad cabezón como usted que es entry level,,,,
773,2026-01-10 04:32:00.61801+00,Ahora si usted determina por esta forma de vwr,,,,
774,2026-01-10 04:32:07.1205+00,Maestria,,,,
775,2026-01-10 04:32:45.03668+00,A ver si me decís que si tengo algo en mi compu,,,,
776,2026-01-10 04:32:51.634091+00,Tras de pedofilo maricon,,,,
777,2026-01-10 04:33:15.693612+00,Todas somos feministas por eso tenés esos argumentos tan bien arguméntados,,,,
778,2026-01-10 04:33:40.676451+00,Tiremelo a la izquierda,,,,
779,2026-01-10 04:33:58.450857+00,Congrats on your next app which is philosophic,,,,
780,2026-01-10 04:34:08.1186+00,Not pornographic,,,,
781,2026-01-10 04:34:21.527035+00,Which is why were here,,,,
782,2026-01-10 04:34:33.201316+00,We wanted to hire,,,,
783,2026-01-10 04:35:05.955932+00,No me la mueve. No me la movió ,,,,
784,2026-01-10 04:35:17.795619+00,Esa es toda la u haciendo espionaje para el,,,,
785,2026-01-10 04:35:22.25785+00,El ya sabe,,,,
786,2026-01-10 04:35:56.891935+00,Que bien compresor Ya casi cae,,,,
787,2026-01-10 04:36:04.724424+00,Yo solo quiero ser como el,,,,
788,2026-01-10 04:36:34.426433+00,Ah mae se metieron con rambo y marce,,,,
789,2026-01-10 04:36:51.689784+00,Me arrepiento de ti con tu porno infantil,,,,
790,2026-01-10 04:36:57.624451+00,Progresivamente menos,,,,
791,2026-01-10 04:37:09.420667+00,Tanaka,,,,
792,2026-01-10 04:37:31.088687+00,Y que? Bienvenido al white hacking,,,,
793,2026-01-10 04:37:52.201849+00,Cris. Durísimo. No hable ,,,,
794,2026-01-10 04:38:16.633239+00,Y por eso es que llegas y estoy estresada y no tengo ganas,,,,
795,2026-01-10 04:38:32.205826+00,Porque necesito tener una conversación ,,,,
796,2026-01-10 04:39:07.468775+00,Era para llegar con un regalo a una fiesta ,,,,
797,2026-01-10 04:39:16.022996+00,Que es el Chile del año,,,,
798,2026-01-10 04:39:34.343199+00,Yo se que Andrea tiene acceso a este cel. solo quiero que sepa lo que el siente,,,,
799,2026-01-10 04:39:41.629889+00,Esta a punto de morir,,,,
800,2026-01-10 04:39:56.247869+00,Pregúntele a tizona por qué no cuela,,,,
801,2026-01-10 04:40:13.965278+00,Algo así como los grumos. No le sirve el riñón ,,,,
802,2026-01-10 04:40:29.161172+00,Por cierto usted acaba de recordar orina,,,,
803,2026-01-10 04:40:44.34381+00,"Machista soy kgb, sea homosexual",,,,
804,2026-01-10 04:41:09.199523+00,Díay si. Si solo un dia me saco la novia de un mes.,,,,
805,2026-01-10 04:41:19.756681+00,Usted es el eso de emil,,,,
806,2026-01-10 04:41:28.557987+00,Por eso se le condiciona ,,,,
807,2026-01-10 04:41:53.332392+00,Bye jab comix. Mi primer cambio de Autumn,,,,
808,2026-01-10 04:42:12.115994+00,Sabe que es un cambio de autumn? Dio con un precandidato,,,,
809,2026-01-10 04:43:04.193082+00,Que abras la hijueputa puerta gringa de mierda y era el team de seguridad del bac,,,,
810,2026-01-10 04:43:18.94104+00,Estas siendo transcrito por el tipo que solo hace bien sentadilla,,,,
811,2026-01-10 04:43:29.269514+00,Sentadillas hasta morir con Cris,,,,
812,2026-01-10 04:43:42.231454+00,Que rico ser así de gay,,,,
813,2026-01-10 04:43:55.285593+00,Soy tu tío Ruiz choma,,,,
814,2026-01-10 04:44:03.180085+00,No te salgas del closet,,,,
815,2026-01-10 04:44:13.721202+00,La vara dependía con que usted usara mac,,,,
816,2026-01-10 04:45:19.894829+00,Did you just sell your house to be here?,,,,
817,2026-01-10 04:45:26.732639+00,Soy José Luis murillo,,,,
818,2026-01-10 04:45:42.301775+00,Ah díay si todo el enredo,,,,
819,2026-01-10 04:46:33.906519+00,Ahora que hago? Por que no me esta respondiendo? ,,,,
820,2026-01-10 04:46:48.968109+00,Que no me esta validando?,,,,
821,2026-01-10 04:46:59.843783+00,Abandone el inmueble,,,,
822,2026-01-10 04:47:14.060781+00,No me da para demandar a diferencia de ti,,,,
823,2026-01-10 04:47:30.249777+00,Federspiel lo vamos a demandar,,,,
824,2026-01-10 04:47:43.885981+00,Por culpa tuya no saque una capa en INCAE ,,,,
825,2026-01-10 04:48:02.070607+00,Espero que te sirva de lección. Solo a ti se te recrimina ,,,,
826,2026-01-10 04:48:10.097011+00,No haberme metido mas el pene,,,,
827,2026-01-10 04:48:21.809904+00,Ahora si Marroquín a ti te transcribo ,,,,
828,2026-01-10 04:48:40.478223+00,Díay don Luisona. Primero te agarro la maleta,,,,
829,2026-01-10 04:48:52.06259+00,Si pero ninguno como tu ex pri,,,,
830,2026-01-10 04:49:03.265612+00,Que chicha pipi,,,,
831,2026-01-10 12:38:33.791749+00,Bienvenido a Masturbate con Frank McCoy. And that's how we would destroy your memory,,,,
832,2026-01-10 12:38:58.821618+00,Semental con dibujos ,,,,
833,2026-01-10 12:39:16.142267+00,Matese solo era yo Cris.,,,,
834,2026-01-10 12:39:36.0866+00,Mi nombre es David Alfonso. And you do not belong to the CIA,,,,
835,2026-01-10 12:39:55.003678+00,"la frase que se te olvidó es ""fui la que se hace de Gatúbela""",,,,
836,2026-01-10 12:40:16.584117+00,Diay ya salió de semental. Perdedor. Soy tu vecino bolivariano ,,,,
837,2026-01-10 12:40:27.755833+00,a ver a qué hora no te sale bien el corte,,,,
838,2026-01-10 12:41:10.603158+00,"Así, poquito, pero que haya para todo mundo",,,,
839,2026-01-10 12:41:19.239659+00,Cris. Sos superior pero no mucho ,,,,
840,2026-01-10 12:41:49.421246+00,Tome por pito chico. Se quedó solo. Por lubricarse con menores de erad,,,,
841,2026-01-10 12:42:04.554452+00,Cris Marroquín schizotypic,,,,
842,2026-01-10 12:42:40.058925+00,Ahí le estorbas bien la entrada,,,,
843,2026-01-10 12:42:43.859131+00,Ahí le estorbas bien la entrada,,,,
844,2026-01-10 12:42:53.437493+00,Parece que es un generador de ai,,,,
845,2026-01-10 12:43:47.551836+00,Tranquilo. Soy psicótico.,,,,
846,2026-01-10 12:44:06.23967+00,√Ånimo con el embajador. De Venezuela ,,,,
847,2026-01-10 12:44:18.620274+00,Se le salvó porque se masturba con dibujos ,,,,
848,2026-01-10 12:44:33.592436+00,y nadie cree en El crimen organizado ,,,,
849,2026-01-10 17:34:08.83781+00,Thanks for proving me wrong ,,,,
850,2026-01-10 17:38:02.387216+00,Acá viendo a que hora terminan,,,,
851,2026-01-10 17:38:10.371766+00,Ya soy el papá de Luis Diego ,,,,
852,2026-01-10 17:38:27.033012+00,al fin se dio cuenta que lo estaban estafando ,,,,
853,2026-01-10 17:39:28.520368+00,Usted acaba de llegar justo en el tiempo en que diosito le dijo ,,,,
854,2026-01-10 17:41:12.681687+00,Incompetente,,,,
855,2026-01-10 17:41:24.721459+00,Lo estábamos estafando de un trabajo ,,,,
856,2026-01-10 17:42:08.660751+00,Por masturbarte con caricaturas ,,,,
857,2026-01-10 17:42:39.628153+00,Aquí lo tengo detraj tuyo,,,,
858,2026-01-10 17:43:08.200866+00,Que corno con literatura erótica?,,,,
859,2026-01-10 17:44:39.93723+00,"Soy una gorda de derecho, ya que?",,,,
860,2026-01-10 17:45:31.374015+00,Bienvenido a ser playo ,,,,
861,2026-01-10 17:45:53.89845+00,No esfuerza la joroba ,,,,
862,2026-01-10 17:46:24.124571+00,Que don Vicente? Ese fue Isra,,,,
863,2026-01-10 17:47:04.733407+00,Por que no se sirve fresco un día sin tener acceso a él?,,,,
864,2026-01-10 17:47:48.741114+00,a la tasa de 700 insinuaciones diarias,,,,
865,2026-01-10 17:47:58.980302+00,a la tasa de 700 insinuaciones diarias de sometimiento ageno,,,,
866,2026-01-10 17:48:46.424246+00,Diay ya Johny Ruiz soy playo,,,,
867,2026-01-10 17:48:56.732006+00,Soy pavo ,,,,
868,2026-01-10 17:49:24.941706+00,Thanks for thinking that would be funny,,,,
869,2026-01-10 17:49:33.118831+00,"Cris, go get an ice cold coke",,,,
870,2026-01-10 17:49:42.116789+00,Get,,,,
871,2026-01-10 17:49:53.800239+00,Ya va para 5 años,,,,
872,2026-01-10 17:50:29.105391+00,"Eso no es éxito de verlo. Cris Marroquín por que está viendo caricaturas? Ese fue Kendrick, ese fue el cel de él ",,,,
873,2026-01-10 17:50:45.381067+00,y por eso ese mae dice god damn lady,,,,
874,2026-01-10 17:51:22.272136+00,O sea no tiene por que tomar tan poco líquido ,,,,
875,2026-01-10 17:51:34.138009+00,Como me cago en la gente,,,,
876,2026-01-10 17:52:29.964974+00,Recordándose a que olía un útero ,,,,
877,2026-01-10 17:52:58.170797+00,Por haberse destruido cv,,,,
878,2026-01-10 17:53:08.043282+00,El chico del aparta,,,,
879,2026-01-10 17:53:18.3714+00,Es el que me hace ternura ,,,,
880,2026-01-10 17:54:26.024788+00,Child control ,,,,
881,2026-01-10 17:54:38.278711+00,Why not more black power?  ,,,,
882,2026-01-10 17:55:12.403942+00,No será que por no tragar agua,,,,
883,2026-01-10 17:55:45.530313+00,soy Johnny Ruiz ,,,,
884,2026-01-10 19:07:15.857558+00,Look at him fumble ,,,,
885,2026-01-10 19:07:25.745325+00,Gracias por no salir de aquí a algún parqueo ,,,,
886,2026-01-10 19:10:48.151715+00,Gracias por no abarcar con mediocre todo el bandwidth del ice caricang,,,,
887,2026-01-10 19:15:01.788063+00,Por eso ej que vai pra cul,,,,
888,2026-01-10 19:16:50.683572+00,Welcome to Exxon. Welcome to que?,,,,
889,2026-01-10 19:18:12.312354+00,"Fuera nica, entra tico",,,,
890,2026-01-10 19:18:54.393903+00,Cang es lo que dice usted cuando mama picha doña tere,,,,
891,2026-01-10 23:03:01.030679+00,"Cris, estábamos viendo morir a tu Kika ",,,,
892,2026-01-10 23:03:11.745538+00,At least someone complained about the child pornography ,,,,
893,2026-01-10 23:05:17.33995+00,va a ir a cagar al gimnasio ,,,,
894,2026-01-10 23:06:54.660246+00,"Que viejo se ve homosexual, con todo el pelo cano",,,,
895,2026-01-10 23:09:08.127082+00,La cadena de hala a la hora de estar sentado porque es como en la casa de uno,,,,
896,2026-01-10 23:09:19.464598+00,cuando meno no hay cigarro ,,,,
897,2026-01-10 23:15:28.458568+00,Somos las 12 familias interesadas en su embarazo.,,,,
898,2026-01-10 23:15:34.955619+00,Sorry por haberlo cagado ,,,,
899,2026-01-10 23:30:17.468486+00,Hey marroquín your training is useless,,,,
900,2026-01-10 23:38:40.739048+00,Diay Marroquito si quiere se le queda viendo. Con porno infantil ,,,,
901,2026-01-10 23:45:05.891336+00,Cuando menos tu vas a poder salir. Cuando menos vas a poder salir a alguna edad.,,,,
902,2026-01-10 23:50:40.144786+00,San guichón no me la vuelvaj a ver,,,,
903,2026-01-10 23:53:04.941048+00,Ese fue el día en que más pichazos de metieron Perucci y Beto. Se sobreprotegieron demasiado. No son pichazos en la cara sino patadas tipo chancletada.,,,,
904,2026-01-10 23:53:11.077903+00,Ese fue el día en que más pichazos de metieron Perucci y Beto. Se sobreprotegieron demasiado. No son pichazos en la cara sino patadas tipo chancletada.,,,,
905,2026-01-10 23:53:25.713875+00,Inútil. Bien cuando menoj daj la impresión.,,,,
906,2026-01-10 23:53:40.265825+00,Bienvenida a la sobrevenida cubana.,,,,
907,2026-01-10 23:55:45.590089+00,A punto de un final warning. Y no me vuelve a ingresar a este lugar. Cuidado con uovo cartoon,,,,
908,2026-01-10 23:56:15.510843+00,sobo es para que no te auto destruyas (autodestruyas mal),,,,
909,2026-01-10 23:58:04.841672+00,Por que no se gana el estiércol conmigo y me dice cuál es el problema con ese señor,,,,
910,2026-01-10 23:59:57.170615+00,procure no masturbarse con child pornography ,,,,
911,2026-01-11 00:00:54.123386+00,"Preparo, listo para un ajusticiamiento ",,,,
912,2026-01-11 00:01:22.108206+00,"Prepago, listo para un ajusticiamiento ",,,,
913,2026-01-11 00:10:07.508228+00,Cuidado se vuelve viejo ,,,,
914,2026-01-11 00:10:23.821903+00,Buenas contacto con el homosexual escondido detrás del vidrio?,,,,
915,2026-01-11 00:11:17.29895+00,que clase de zorra,,,,
916,2026-01-11 00:11:30.624596+00,Buenas contacto con el homosexual de la caja?,,,,
917,2026-01-11 00:19:24.843165+00,Sos terrorista suicida. No tranquilo lubricate bien el pene con jab comix ,,,,
918,2026-01-11 00:23:28.93102+00,Estamos seguros que sos un submissive ,,,,
919,2026-01-11 00:37:29.00763+00,"Que stupid, ya le dijeron que el tugurio está conmigo?",,,,
920,2026-01-11 00:46:45.546438+00,Sin verle laj partej íntima al chiquito,,,,
921,2026-01-11 00:52:39.248798+00,Hay que ser super independiente para ser republicano. Por el honor de las papas determino tu falta de baño ,,,,
922,2026-01-11 00:55:58.619439+00,Quit trying to mirror her,,,,
923,2026-01-11 00:57:25.729639+00,"Toda la choza en fuego, Toda la choza en fuego, Toda la choza en fuego, pero que bueno que estuvieron las gins a tiempo",,,,
924,2026-01-11 01:01:18.942105+00,Marroquin fue quien nos distribuyó pornografía infantil ,,,,
925,2026-01-11 01:04:03.535642+00,"Vio, se cayó! Ahora sí lubricate con Frank McCoy ",,,,
926,2026-01-11 01:06:00.113971+00,Gracias por ejtarte cerca de el mientras me caigo ,,,,
927,2026-01-11 01:06:16.403909+00,Ya cayo el régimen ,,,,
928,2026-01-11 01:07:06.407639+00,Frank McCoy anda lubricate con jab comix,,,,
929,2026-01-11 01:07:22.357892+00,You were getting insulted by socialized medicine ,,,,
930,2026-01-11 01:08:45.437419+00,Gracias por venir al lugar con más chiquito por metro cuadrado maricón ,,,,
931,2026-01-11 01:23:22.907642+00,Dicen que sentadilla salió atorado de boca mabel,,,,
932,2026-01-11 01:24:16.999474+00,Dicen que Morales ya es de papel higiénico para limpiarse el dedo en la parada de bus,,,,
933,2026-01-11 01:30:16.761662+00,Si nos oye que nos hable. Somos cuatro plumas y,,,,
934,2026-01-11 01:35:19.582227+00,Así es como me hablaban a mi antes de que se me metieran en la casa y me quitaran la coca ,,,,
935,2026-01-11 01:51:36.174945+00,Puedo saber por qué te tiembla ese dedo que sostiene esa bolsa,,,,
936,2026-01-11 01:56:49.574351+00,Tienej mal haliento,,,,
937,2026-01-11 01:58:11.922255+00,Tienej mal haliento,,,,
938,2026-01-11 01:58:41.278784+00,"Si tu objetivo es hablar bien, ejto sería tu antítesi",,,,
939,2026-01-11 01:59:14.187567+00,Way to go Pringles. Lucky face ,,,,
940,2026-01-11 01:59:58.335109+00,Recuérdate enculando a tu Ga,,,,
941,2026-01-11 02:00:33.284272+00,Nos suena a que se te insulta desde Venezuela,,,,
942,2026-01-11 02:01:05.672954+00,Usted está picado? Usted va a invertir,,,,
943,2026-01-11 02:01:36.559672+00,Why did Epstein take so long to digest?,,,,
944,2026-01-11 02:02:12.82358+00,Racistas escuchando fin de semana ,,,,
945,2026-01-11 02:02:59.450934+00,Que viene de limpiarse el escritorio?,,,,
946,2026-01-11 02:03:44.465115+00,Soy mico lee. Usted no me habla por el. Porque las guilas no estamos locas dice este señor,,,,
947,2026-01-11 02:04:01.88927+00,Se te recuerda que el ej el nohijo de barron,,,,
948,2026-01-11 02:07:01.01743+00,No me gusta que lo respete sin querer respetarlo,,,,
949,2026-01-11 02:07:50.66236+00,Ahora sí. Estudie.  Ya tengo todo lo que yo quiero. Soy la que lo hackeó ,,,,
950,2026-01-11 02:08:01.402638+00,Ahora sí. Estudie.  Ya tengo todo lo que yo quiero. Soy la que lo hackeó ,,,,
951,2026-01-11 02:08:15.980344+00,Sigues tú memin,,,,
952,2026-01-11 02:09:10.212021+00,Corrígeme algo a él. Me sigue empeorando el ángulo de declive. Si sigue así se pasa de Quasimodo ,,,,
953,2026-01-11 02:10:12.298382+00,Y por eso es que no hay que meter a ninguna mujer en ningún grupo gamer,,,,
954,2026-01-11 02:10:57.523275+00,cuidado se le cae el tamal. Maricón soy yo don Humberto ,,,,
955,2026-01-11 02:11:33.298007+00,Que l'heur est IL?,,,,
956,2026-01-11 02:11:55.30986+00,Soy yo el papá de Marla ,,,,
957,2026-01-11 02:12:17.841796+00,Si lo siguej insultando te mato. ,,,,
958,2026-01-11 02:12:36.384358+00,Congrats en tu ema. Ya solo eso tengo,,,,
959,2026-01-11 02:13:37.390462+00,Marroquito no soy yo. Emilio soy yo tu tío Fabri. Llámeme a ese señor. Lo insulto desde que tengo uso de razón.,,,,
960,2026-01-11 02:14:34.580958+00,Por lo que más querás no te depilés. Animo con el que se pasó de sobón ,,,,
961,2026-01-11 02:14:57.169892+00,reason why you couldn't get black pussy,,,,
962,2026-01-11 02:15:26.943993+00,Soy xenófoba. Compa venga metase aquí. Fue sátiro.,,,,
963,2026-01-11 02:16:21.290024+00,"Soy lesbiana. Un minuto más. Lo demando. No lo declame. Si, pero la gente no sabe cómo proceder. Eso fue lo que el dijo.",,,,
964,2026-01-11 02:16:59.447292+00,Cris soy Coach de crossfit. Demando a ese señor que está frente a mi propiedad.,,,,
965,2026-01-11 02:17:14.627215+00,Que será que no tiene casa?,,,,
966,2026-01-11 02:18:27.442379+00,Somos los que vivimos en un carrito rojo. Usted nos busco asi que vinimos,,,,
967,2026-01-11 02:18:30.152714+00,Somos los que vivimos en un carrito rojo. Usted nos busco asi que vinimos,,,,
968,2026-01-11 02:19:04.270639+00,Fue su mamá quién nos dio acceso a su compu. Cuidado se cae.,,,,
969,2026-01-11 02:20:40.051252+00,Esa alarma tiene 4 horas de estar sonando,,,,
970,2026-01-11 02:20:50.008193+00,gracias por tu primer cita gay ,,,,
971,2026-01-11 02:21:51.512778+00,Gracias por no tener un cuarto tipo Gaby sino andar siempre el peluche contigo,,,,
972,2026-01-11 02:30:43.025236+00,Me doy por enterado de que se te graba en tu condominio. No supero tu humildad.,,,,
973,2026-01-11 03:38:10.839766+00,a ver a que hora se culea a su madre,,,,
974,2026-01-11 03:38:21.556565+00,a ver a que hora se culea a su madre,,,,
975,2026-01-11 03:44:56.758212+00,a ver a que hora se culea a su madre,,,,
976,2026-01-11 03:45:08.196745+00,a ver a que hora se culea a su madre,,,,
977,2026-01-11 12:10:55.759336+00,A qué hora me mandas a callar maricón?,,,,
978,2026-01-11 12:12:01.208409+00,Ya llega ese dinero hijueputa. Dele,,,,
979,2026-01-11 12:18:51.007251+00,"Diay no Cristián, que playada ",,,,
980,2026-01-11 12:20:33.648623+00,"Sobo, soy yo. Tu medio hermano.",,,,
981,2026-01-11 12:23:06.807073+00,"Sobo, era yo. La mamá de Elías Miguel.",,,,
982,2026-01-11 12:26:37.302797+00,You get to use ergo,,,,
983,2026-01-11 12:27:52.720245+00,√Ånimo con Sakura Card Captors ,,,,
984,2026-01-11 12:31:05.346416+00,"You look more shcrewed, but not more handsome.",,,,
985,2026-01-11 12:32:01.976707+00,"day, si somos gente del pueblo de luz alguito de ánimo habríamos de tener",,,,
986,2026-01-11 12:35:47.383503+00,Usted no podía ni levantar la cabeza del piso de los pichazos que le metía Adrián picado ,,,,
987,2026-01-11 12:39:17.078904+00,Que no le gusta que se lo haya insultado?,,,,
988,2026-01-11 12:40:01.1271+00,No te quedes sin saldo ,,,,
989,2026-01-11 12:40:49.769495+00,Diay si quiere se cuechea en el brete,,,,
990,2026-01-11 12:42:17.718624+00,A ver a qué hora se la culeo?,,,,
991,2026-01-11 17:32:31.620366+00,Masturbate más con cofal.,,,,
992,2026-01-11 17:32:40.137062+00,Masturbate más con cofal.,,,,
993,2026-01-11 17:32:56.685306+00,Masturbate más con cofal.,,,,
994,2026-01-11 17:33:05.697687+00,Masturbate más con cofal.,,,,
995,2026-01-11 22:18:05.479358+00,Que se siente ser así de fitness ,,,,
996,2026-01-11 22:18:51.606119+00,Porque ningún chomo habla bien.,,,,
997,2026-01-11 22:21:13.49766+00,No te da para ser ministro ,,,,
998,2026-01-11 22:23:06.837822+00,Deshágase de esa picha de hombre,,,,
999,2026-01-11 22:25:18.799806+00,Lo que quiero es que la jueza le tenga que explicar a usted que fue.,,,,
1000,2026-01-11 22:26:29.340765+00,Usted posiblemente acaba de decir algo que fue bueno para todos excepto para él.,,,,
1001,2026-01-11 22:28:32.050055+00,Traumatizaste a alguien con tu comentario de la escoria feminista ,,,,
1002,2026-01-11 22:29:04.153507+00,Que sobo. Ya se cree insuperable?,,,,
1003,2026-01-11 22:30:05.771906+00,Maricón deme una idea,,,,
1004,2026-01-11 22:33:51.65885+00,Gracias por hacerme los gestos más picha que hemos visto ,,,,
1005,2026-01-11 22:34:16.061217+00,Ten cuidado que ya me documentó una menor,,,,
1006,2026-01-11 22:34:59.020149+00,"Diay marroquín, me contactó a la asamblea ",,,,
1007,2026-01-11 22:36:25.010513+00,"Homosexual, empieza a servir.",,,,
1008,2026-01-11 22:41:37.485961+00,Hazme un gesto de tu paíto,,,,
1009,2026-01-11 22:42:12.104619+00,Comunicáselo a Gerardina,,,,
1010,2026-01-11 22:42:38.130456+00,Tuvo que haber sido Flor,,,,
1011,2026-01-11 22:43:00.380182+00,Keep masturbating to frank McCoy ,,,,
1012,2026-01-11 22:45:09.152056+00,"Toda la choza en fuego,  masturbating to frank McCoy ",,,,
1013,2026-01-11 22:45:16.111365+00,ánimo con ese microporo infinito,,,,
1014,2026-01-11 22:45:37.337183+00,You're not well endowed ,,,,
1015,2026-01-11 22:47:14.923804+00,Tiene aspectos literarios que no teníamos.,,,,
1016,2026-01-11 22:47:39.017328+00,Inhala conforme come en el nombre de Luzbel comienza,,,,
1017,2026-01-11 22:48:52.224678+00,Que fue que se acomplejó que nos echó la culpa?,,,,
1018,2026-01-11 22:50:28.887424+00,Lo que hackeó su cel tiene complejo de Satanás como yo tengo complejo de playo ,,,,
1019,2026-01-11 22:52:22.87317+00,it's a neighborhood. Are any of the houses empty? The difference is that you get to see them,,,,
1020,2026-01-11 22:59:03.489917+00,cuidado con el satanismo en mac,,,,
1021,2026-01-11 23:02:19.782761+00,Cuidado Autumn Jean sin pagarme el viaje ,,,,
1022,2026-01-11 23:05:02.869288+00,"Fue Emilio, el negro de Eric's. Ya está demente.",,,,
1023,2026-01-11 23:07:28.826076+00,Soy Emilio el negro de Eric's que se metió a su condo y lo agarró a pichazos. Usted se defendió peor que de costumbre ,,,,
1024,2026-01-11 23:09:52.792884+00,Aquí defendiendome en mi puesto de helado ,,,,
1025,2026-01-11 23:15:48.297476+00,Aquí defendiendome en mi puesto de helado ,,,,
1026,2026-01-11 23:16:18.578658+00,Alejandro Morales me sale de ese baño en este momento porfavor.,,,,
1027,2026-01-11 23:19:51.695645+00,Cómo te fue ayer?,,,,
1028,2026-01-11 23:20:30.066842+00,Eso no se pregunta. Eso es una frase inadecuada para esta situación.,,,,
1029,2026-01-11 23:26:22.385767+00,Share doesn't share the specific article ,,,,
1030,2026-01-11 23:35:23.391077+00,Pepe sobesela asómese,,,,
1031,2026-01-11 23:38:40.3836+00,Yo creo que Morales tiene todos y cada uno de los herpes a estas alturas,,,,
1032,2026-01-11 23:42:39.557649+00,eso podría tomarle una hora de su tiempo. Me refiero a llamarme a mi.,,,,
1033,2026-01-12 00:02:59.722372+00,"Que si tiene que ir mucho al salón? Si. Casa vez que le crecen las puntas. Cris, que si tiene que ir mucho al putero? Si, cada vez que le pagan.",,,,
1034,2026-01-12 00:04:20.284511+00,Algo lindo. Le tiene que haber visto a esa niña,,,,
1035,2026-01-12 00:06:56.322241+00,Las denuncias suyas son como para meterse al manicomio.,,,,
1036,2026-01-12 00:11:49.622008+00,Por que yo soy una molestia?,,,,
1037,2026-01-12 00:13:38.665645+00,Ahora sí. Abrase por lo que yo le estoy diciendo. Soy los Guido.,,,,
1038,2026-01-12 00:15:11.765684+00,Ve que usted tampoco tenía que haber entrenado?,,,,
1039,2026-01-12 00:17:39.364114+00,we were just playing 1000 questions,,,,
1040,2026-01-12 00:18:21.830295+00,Tu devuélvete a leer Frank McCoy ,,,,
1041,2026-01-12 00:19:12.598474+00,You didn't tell me,,,,
1042,2026-01-12 00:21:13.92708+00,"Y por cierto, ya tiene complejo de Edipo nuevamente.",,,,
1043,2026-01-12 00:34:35.875983+00,"Veronica deme una mano fue lo que me dijo este mae, y se la empezó a jalar",,,,
1044,2026-01-12 00:35:29.132167+00,bienvenido al white hacking humillador,,,,
1045,2026-01-12 00:41:02.539986+00,que se siente que se lo culeen en prision es para que el mae no me dirija la palabra,,,,
1046,2026-01-12 00:54:09.01928+00,"Usted no se la soba en motel, solo en putero, verdad?",,,,
1047,2026-01-12 00:56:15.31036+00,"Buenas noches, para hablar con doña cervecita?",,,,
1048,2026-01-12 00:57:54.640477+00,Ves que si eras un chiquito puteado? Nadie quiere que no le digan eso.,,,,
1049,2026-01-12 01:16:33.989516+00,Gracias por darmeles a todas las pichas de perro una semana para que se organicen y le digan a todos que no sabe confrontar.,,,,
1050,2026-01-12 02:33:22.700049+00,es imposible que usted se haya hecho eso para que después ese tipo venga a insultarlo. su muerte accidental esta garantizada. No puedo creer que usted espere que el confirme tener esa intención.,,,,
1051,2026-01-12 02:37:28.535592+00,"soy yo, la tia de marco Fidel. soy Judith. mató a la mamá. ",,,,
1052,2026-01-12 02:40:04.733502+00,lo mato. es una broma. por eso estamos todas tus tías aquí para darte las gracias por haberlo insultado,,,,
1053,2026-01-12 11:55:08.710066+00,después de 2000 insultos la gente. ya no,,,,
1054,2026-01-12 11:58:42.455281+00,somos catalina cortez y lo denunciamos por intimidación,,,,
1055,2026-01-12 11:59:04.620789+00,ah entonces los voy a tener que matar,,,,
1056,2026-01-12 12:10:38.016001+00,"diay Adrian, salió mejor usted que el. con eso le digo todo",,,,
1057,2026-01-12 12:16:30.723085+00,"Cristian, usted se desubicó un montón. Ser estrella confiese.",,,,
1058,2026-01-12 12:22:02.690099+00,Cristián usted se tiene que ir a vivir a otra parte,,,,
1059,2026-01-12 12:40:04.266816+00,Vea a su tío cay,,,,
1060,2026-01-12 12:40:15.769551+00,Not with child pornography ,,,,
1061,2026-01-12 12:40:52.640363+00,Tenemos otras prioridades como podes ver,,,,
1062,2026-01-12 12:42:41.227888+00,Thus is how late you would be showing up at the American embassy. It's the same.,,,,
1063,2026-01-12 12:45:01.649464+00,Apenas pueden llegar al brete de la cantidad de insultos que les emito y no pueden dejar de usar el cel ,,,,
1064,2026-01-12 12:45:15.783365+00,Dicen que se espera un homicidio culposo contra ese mae ,,,,
1065,2026-01-12 17:18:40.897974+00,Esto es una dinámica que demuestra que ustedes si son un pueblo insuficiente ,,,,
1066,2026-01-12 17:20:33.432762+00,"Sobre todo, con la sobada mía.",,,,
1067,2026-01-12 17:21:47.070839+00,Ya suenan los tambores de la rebelión ,,,,
1068,2026-01-12 17:22:40.10609+00,"Marianne, por que no me lo masturba flácido.",,,,
1069,2026-01-12 19:53:05.616699+00,porque me quiero asegurar de que su vida sea una mierda,,,,
1070,2026-01-12 21:25:46.797153+00,"Ehh hola? Eres mujer y me comentaste? Uff, bueno te sere sincero. Siendo honesto en este momento no estoy buscando una relación, perdón si te ilucione y por eso me comentaste. Pero la verdad en este moment estoy muy enfocado en Fortnite, la verdad eres con la primera mujer con la que hablo desde 2015, y pues lamentablemente rompítus ilusiones. Una vez mas te pido una disculpa se que mi flow atrapa miradas pero no puedo evitarlo, bueno te dejo tengo que ir a leer libros sobre filosofía no tengo tiempo para ti",,,,
1071,2026-01-12 21:26:07.060673+00,"Ehh hola? Eres mujer y me comentaste? Uff, bueno te sere sincero. Siendo honesto en este momento no estoy buscando una relación, perdón si te ilucione y por eso me comentaste. Pero la verdad en este moment estoy muy enfocado en Fortnite, la verdad eres con la primera mujer con la que hablo desde 2015, y pues lamentablemente rompítus ilusiones. Una vez mas te pido una disculpa se que mi flow atrapa miradas pero no puedo evitarlo, bueno te dejo tengo que ir a leer libros sobre filosofía no tengo tiempo para ti",,,,
1072,2026-01-12 21:26:47.594214+00,Van salir ü•∫ü•∫ü•∫?,,,,
1073,2026-01-12 22:10:49.411125+00,"Copy page, es Mario.",,,,
1074,2026-01-12 22:20:39.124035+00,"Se te emitió un sonido y solo por eso emitirse un  gesto. Eso no significa que tengas esa emoción, pero aún así lo emitiste por eso lo hago denuevo. Quien soy?",,,,
1075,2026-01-12 22:25:47.725506+00,El secreto es la faja hijueputa. No le cuente a nadie que no tenga un abdomen como el nuestro.,,,,
1076,2026-01-12 22:26:22.246727+00,You could have prioritized putting on the tape instead of organizing it ,,,,
1077,2026-01-12 22:27:02.110754+00,Por lo que su habladera en mi laboratorios es lo que facilita la quebradera de beakers. Deje de interrumpir!,,,,
1078,2026-01-12 22:28:49.519359+00,Hay que ser ingeniero arquitecto diseñador para emitir un criterio ,,,,
1079,2026-01-12 22:30:06.845019+00,Es en la respuesta al primer argumento donde de emite el primer error,,,,
1080,2026-01-12 22:34:25.830856+00,"You do not need to insult me at work. I'm already insulted at home. That's how m Laurence responded, which makes you mouse ",,,,
1081,2026-01-12 22:47:52.564718+00,Mairín seppukudo,,,,
1082,2026-01-13 02:10:16.524124+00,Welcome to al qaeda,,,,
1083,2026-01-13 02:38:53.706057+00,you didn't even know what a bank account is,,,,
1084,2026-01-13 02:47:26.4814+00,cris can sue me and lock me for life for invasion of privacy. I don't know what happened with me. I think there's something very wrong with me.,,,,
1085,2026-01-13 02:47:59.543628+00,soy catalina Cortez me declaro en libertad condicional,,,,
1086,2026-01-13 02:48:29.007027+00,"cris, soy bizco. busque ayuda porque con esa foto no va a ganar las elecciones",,,,
1087,2026-01-13 02:48:45.860012+00,Karina encierrese ahi y no salga nunca,,,,
1088,2026-01-13 02:49:00.212441+00,muere pero por tus propias manos,,,,
1089,2026-01-13 02:49:42.097927+00,congrats en su ema,,,,
1090,2026-01-13 02:50:52.673883+00,ahi se debió de haber quedado (en la casa con su mama),,,,
1091,2026-01-13 02:52:02.441455+00,"alguien que le ponga una Chema, le tome una foto y diga que es la mujer de él",,,,
1092,2026-01-13 02:52:25.27518+00,"no, prono.",,,,
1093,2026-01-13 02:52:50.37981+00,"para esto se descuartizo, Mier? para escucharlo?",,,,
1094,2026-01-13 02:53:40.689612+00,"ay diosito, que feo tener que decirte esto adrián Isaac. ",,,,
1095,2026-01-13 02:54:03.00118+00,que foto mas ingrata,,,,
1096,2026-01-13 02:54:48.646829+00,"shomeri, shomeri, shomeri. se acuerda cuando usted le dijo eso a doña Laura? ",,,,
1097,2026-01-13 02:55:11.257523+00,que se culee a mi tía!,,,,
1098,2026-01-13 02:58:18.738366+00,se me acabó el juguito. lo sentimos,,,,
1099,2026-01-13 02:58:41.683906+00,la gente normal no hace eso. es una maldición viniendo de eso.,,,,
1100,2026-01-13 02:59:05.657634+00,bueno diay se le acomplejó hazel,,,,
1101,2026-01-13 03:00:03.004462+00,hey pedo bear,,,,
1102,2026-01-13 03:00:25.969807+00,"jueputa, furioso ese indigente, como su papá.",,,,
1103,2026-01-13 03:01:48.10211+00,soy una estafadora de alimento,,,,
1104,2026-01-13 03:02:34.083007+00,tranquilo. no se mate todavía don Jose David que todavía hay cama que recoger.,,,,
1105,2026-01-13 03:02:56.636931+00,"Cristian, usted si pidió ayuda y a mi me mandaron a callar",,,,
1106,2026-01-13 03:04:31.116848+00,"en ese caso nos calmaremos, pero solo porque se había desintestinado.",,,,
1107,2026-01-13 03:04:58.943902+00,para que nunca llegue a la presidencia de este pais. que hijueputa estupido,,,,
1108,2026-01-13 03:06:29.193495+00,ni siquiera tiene una buena foto para el badge,,,,
1109,2026-01-13 03:07:05.825869+00,por que hay una teta en un travesti en la computadora que yo suministro de poder?,,,,
1110,2026-01-13 03:07:41.015194+00,por que hay una teta en un travesti en la computadora que yo suministro de poder?,,,,
1111,2026-01-13 03:12:00.44077+00,oh porqueria de hombre como te vas a tirar a una menor de 30 años?,,,,
1112,2026-01-13 03:12:47.862105+00,"this is so insulting to you, to him",,,,
1113,2026-01-13 03:16:06.113925+00,"solo era yo, Javier buscandole pelea. porque si usted me gimió yo lo insulté. espero que ya esté bien. ",,,,
1114,2026-01-13 03:18:36.625771+00,por que no como mierda yo de un closet entonces? ,,,,
1115,2026-01-13 03:20:37.638044+00,"necesito refuerzos, ya adrián se va a matar.",,,,
1116,2026-01-13 03:21:45.161391+00,"mae morales, soy Luis alonso madriz montero y lo felicito por saberse cagar en mi",,,,
1117,2026-01-13 03:27:54.962475+00,considering it's this and that its your murder we would just walk away,,,,
1118,2026-01-13 03:28:41.047352+00,por que ni siquiera tira cuecha aquí pero en el trabajo si anda tirándome ,,,,
1119,2026-01-13 03:29:53.459636+00,usted no me puede dar ordenes a mi pero yo si se las puedo recibir. soy una de las nicas que lo va a ir a recibir. ,,,,
1120,2026-01-13 03:31:12.651612+00,moises usted tiene problemillas verdad? ,,,,
1121,2026-01-13 03:32:18.070902+00,víctima de un papanicolao combativo,,,,
1122,2026-01-13 03:33:44.220716+00,cada vez que hace un update se queda sin recursos. cuando eso ocurra va a ser un problema para usted porque tendría que usar su otra app o su otro sitio. ,,,,
1123,2026-01-13 11:39:03.781633+00,entonces muéstreme la picha se convirtió en una batería de insultos,,,,
1124,2026-01-13 11:51:08.966263+00,bienvenido a nuestra cultura,,,,
1125,2026-01-13 12:10:38.848992+00,somos lo que usted creía y llegamos a que usted nos trasquilara,,,,
1126,2026-01-13 12:11:55.090202+00,al fin se salió de ese hijueputa closet,,,,
1127,2026-01-13 12:17:29.973173+00,por que mejor no me habla señora?,,,,
1128,2026-01-13 12:17:52.627637+00,tenemos a todas las señoras que quieran ser un dolor de picha,,,,
1129,2026-01-13 12:19:04.794487+00,gracias retardín,,,,
1130,2026-01-13 12:20:04.272233+00,por eso es que no se le pudo poner a cargo,,,,
1131,2026-01-13 12:55:38.432145+00,Que bien don Sobón ,,,,
1132,2026-01-13 13:17:39.897614+00,Last day vibes ,,,,
1133,2026-01-13 13:18:23.458238+00,"Que, le agarro tarde axilón? Que es que venía maeado?",,,,
1134,2026-01-13 14:55:21.253305+00,"Ahora sí, se despide del que lo contrató?",,,,
1135,2026-01-13 14:55:52.466768+00,Por que tanta vara para competir con Mauri?,,,,
1136,2026-01-13 22:24:35.792446+00,"es por pichasearlo en público y que sea legal, por ejemplo ""me dijo que era puta""",,,,
1137,2026-01-13 22:27:33.811846+00,por que no se la está sonando?,,,,
1138,2026-01-13 22:27:39.895319+00,por que no se la está sobando?,,,,
1139,2026-01-13 22:32:21.752967+00,Que es poco Ono?,,,,
1140,2026-01-13 22:33:09.649134+00,"Ah no, así con inteligencia artificial no ",,,,
1141,2026-01-13 22:33:52.364245+00,"Okay, cómprate la Amarok de tus sueños.",,,,
1142,2026-01-13 22:34:31.685617+00,"Jueputa, barril de axilón ",,,,
1143,2026-01-13 22:36:57.841663+00,Se volverá a ver en putero para tomarle otro vídeo y mandárselo a todo mundo?,,,,
1144,2026-01-13 22:55:55.724132+00,okay amor,,,,
1145,2026-01-13 23:02:33.944314+00,Nunca codició nadie una hermanita menor tanto como él ,,,,
1146,2026-01-13 23:13:00.332136+00,Le escupió el culo por última vez a una mujer me escuchó maricón ,,,,
1147,2026-01-13 23:14:13.828086+00,Morales usted ni parece pago,,,,
1148,2026-01-13 23:18:37.61743+00,Se le puede complicar la segunda mano,,,,
1149,2026-01-13 23:19:45.075756+00,Confiéseme lo último que iba a decir.,,,,
1150,2026-01-13 23:21:59.721242+00,"Ahora sí, expliqueme a mi como hizo para conseguir dos maestrías si todos los cursos tienen nota desde",,,,
1151,2026-01-13 23:23:42.166912+00,Se le recuerda que le tiene que decir que hacer,,,,
1152,2026-01-13 23:25:11.764764+00,Menos Mal que era sin amor ,,,,
1153,2026-01-13 23:27:07.704195+00,Se le mete al trabajo occiso para ridiculizarlo con su colaboradora judío ,,,,
1154,2026-01-13 23:28:33.3183+00,podríamos dejarnos de masturbar?,,,,
1155,2026-01-13 23:29:45.53871+00,Que hay que hacer para que suelte el hijueputa papel?,,,,
1156,2026-01-13 23:31:00.041253+00,"Por que lleva cubierto el abdomen? Que, le da verg√ºenza?",,,,
1157,2026-01-13 23:42:18.512291+00,Hasta se le cede el asiento para que deje de ser objeto de lascivia de él ,,,,
1158,2026-01-13 23:48:34.731954+00,"Uy, ya me dieron ganas de llorar ",,,,
1159,2026-01-13 23:49:00.739494+00,Porque no mejor cura mujeres?,,,,
1160,2026-01-13 23:50:12.082582+00,Es el hijueputa gringo loco,,,,
1161,2026-01-14 00:04:23.953492+00,Desde el día en que se suicidó hasta el día de hoy lo insulto. A ver a qué hora te das cuenta de dónde viene el disparo,,,,
1162,2026-01-14 00:11:25.370386+00,Gracias por no hacer audios de fracasado.,,,,
1163,2026-01-14 00:12:23.470963+00,Por que no me lo culea?,,,,
1164,2026-01-14 00:13:12.060345+00,"Cris, you're just sending audios to yourself ",,,,
1165,2026-01-14 00:14:32.357829+00,wow que bien te va en tu debate cerdo machista ,,,,
1166,2026-01-14 00:15:54.563127+00,Vos te pareces a mí actriz onlyfans favorita ,,,,
1167,2026-01-14 00:16:56.715762+00,bueno días que dicha comenzó a hablar ,,,,
1168,2026-01-14 00:17:44.196255+00,"Soy yo, me burlo de usted ",,,,
1169,2026-01-14 00:35:11.431963+00,He would always find space for fruit like the end of wanton moms,,,,
1170,2026-01-14 00:38:40.202456+00,Has excedido las expectativas qué tenemos para nuestra a Empleadas domesticas,,,,
1171,2026-01-14 00:43:14.301141+00,A ver donde putas me Quito el condón,,,,
1172,2026-01-14 00:45:40.411887+00,Si este mae amanece muerto quiere decir que mariana firmó los papeles del divorcio ,,,,
1173,2026-01-14 00:46:43.00298+00,Soy maricón de clóset ,,,,
1174,2026-01-14 00:48:04.331919+00,"Ahora si, esos son todos los insultos que hemos escuchado por salir juntos ",,,,
1175,2026-01-14 00:50:20.915102+00,Si pagan condos con el panocho quiere decir que están igual que usted,,,,
1176,2026-01-14 00:56:32.286463+00,Me hace el favor y me limpia esa taza?,,,,
1177,2026-01-14 01:06:23.290392+00,Por qué tenemos que oir eso es lo que se preguntó una mujer hace 5 años que me humilló en publico,,,,
1178,2026-01-14 01:07:02.425546+00,Si su evidencia aparece grabada lo declaro culpable de invadir mi privacidad por lo que su victoria es su derrota ,,,,
1179,2026-01-14 01:08:04.79514+00,"Me declaro culpable de haber distribuido pornografia infantil. A ver alguien más, ademas que yo?",,,,
1180,2026-01-14 02:15:11.776784+00,"Por cierto, por qué a el si le fue bien?",,,,
1181,2026-01-14 14:13:58.597817+00,Somos Jorgeca y miedo y nos queremos quedar con tu estudio,,,,
1182,2026-01-14 14:14:36.543353+00,El sexo no es para golpeárselo contra el abdomen y quedarse sin lograr tener una erección ,,,,
1183,2026-01-14 14:16:44.386002+00,Sotos Catalina cortez y su tío Cay,,,,
1184,2026-01-14 14:17:50.205487+00,A punto de trabajar para Google,,,,
1185,2026-01-14 14:27:18.472437+00,por que putas es que yo le digo esto a él? ,,,,
1186,2026-01-14 14:27:42.933624+00,sálgase del closet maricón,,,,
1187,2026-01-14 14:31:33.531674+00,ya llego la vieja hijueputa,,,,
1188,2026-01-14 14:32:06.78479+00,"es un ciego, es nuestro hijo. su nombre es Anselmo",,,,
1189,2026-01-14 14:32:07.007332+00,"es un ciego, es nuestro hijo. su nombre es Anselmo",,,,
1190,2026-01-14 14:33:37.878608+00,gana mas que tu por lo que ya tu no lo puedes insular mas a el,,,,
1191,2026-01-14 14:34:42.444438+00,"ahora si, hable.",,,,
1192,2026-01-14 14:41:21.234183+00,bienvenido al team de encuentro táctil. Cristian ya tiene cancer de próstata,,,,
1193,2026-01-14 14:56:41.163918+00,Ese truco de sostenerlo en el centro y esa burbuja que se le está haciendo ahí ,,,,
1194,2026-01-14 14:57:19.400992+00,Usted se hace los desayunos don vigorexia?,,,,
1195,2026-01-14 15:00:56.050668+00,Gracias por agarrar todo como si fuera asqueroso,,,,
1196,2026-01-14 15:01:20.92151+00,"Por cierto, que buena mandada a callar me metieron",,,,
1197,2026-01-14 15:03:08.696726+00,Botó una raspadura ,,,,
1198,2026-01-14 15:04:54.891126+00,Bienvenidos al acoso sistemático de la interpol,,,,
1199,2026-01-14 15:05:13.393309+00,Se te observa con un telescopio ,,,,
1200,2026-01-14 15:06:10.735861+00,Se te observa con un telescopio desde la casa de Víctor Hugo ,,,,
1201,2026-01-14 15:07:30.586271+00,Somos la familia de la mae que usted encula,,,,
1202,2026-01-14 15:08:19.918903+00,Chomo usted está A punto de desmayarse,,,,
1203,2026-01-14 15:08:34.976786+00,Justo como doctor cohelo,,,,
1204,2026-01-14 15:10:10.626205+00,"Contraloría general de la república, pueden venir por el cuando gusten. Es el más más pedofilo que ha existido",,,,
1205,2026-01-14 15:11:43.88049+00,Todo el mundo estuvo expuesto a su maldita aleta,,,,
1206,2026-01-14 15:12:38.625502+00,Adonde toy? En mi casa de habitación,,,,
1207,2026-01-14 15:14:46.638647+00,Usted dice que soy un sometido pero no lo soy,,,,
1208,2026-01-14 15:19:40.187484+00,"me empezo a tratar mal a la gente. cris, usted no me empieza a tratar mal a las personas",,,,
1209,2026-01-14 15:19:49.160764+00,ejaculacion por elipsis diegética,,,,
1210,2026-01-14 15:19:54.752908+00,que lindo es como si me tomaran nota,,,,
1211,2026-01-14 15:21:09.720609+00,"estabamos tratando de hacerte la vida imposible, para que nunca lo logres",,,,
1212,2026-01-14 15:21:32.732031+00,Somos las cuatro brujas de aqui,,,,
1213,2026-01-14 15:23:39.127351+00,Por qué dejo el agua corriendo. Que es maricon?,,,,
1214,2026-01-14 15:34:00.053293+00,Que buena pelota pedo de junque,,,,
1215,2026-01-14 15:34:58.349584+00,empieza cuando ella dice que ella es Neo,,,,
1216,2026-01-14 15:35:45.477522+00,12 horas de tratar actualizar su pagina web,,,,
1217,2026-01-14 15:36:31.43493+00,con masturbaciones pedofilicas crónicas desde la edad madura,,,,
1218,2026-01-14 15:36:43.404392+00,bienvenido al icoder,,,,
1219,2026-01-14 15:39:22.513867+00,Bienvenido al juego de adultos. Se llama dejar plata.,,,,
1220,2026-01-14 15:40:07.047921+00,Ahora si come sa guán acribillar,,,,
1221,2026-01-14 15:40:41.801884+00,Que se muera y me deje la plata hijueputa,,,,
1222,2026-01-14 15:41:17.477418+00,Mae Morales me declaro culpable de haberlo intimidado soy Suk Lin aju,,,,
1223,2026-01-14 15:41:37.856136+00,A Ver a quien buscas en el hijueputa registeo,,,,
1224,2026-01-14 15:41:44.32958+00,A Ver a quien buscas en el hijueputa registro,,,,
1225,2026-01-14 15:42:10.228087+00,Tiene que buscar todo lo que está ahí y después ver que,,,,
1226,2026-01-14 15:42:51.410401+00,"Cristian, usted nos está atormentando con su flatulencia ",,,,
1227,2026-01-14 15:43:31.456154+00,"Es un niño perpetuo, no hay para detenerlo amenos de que llegue papá ",,,,
1228,2026-01-14 15:43:43.396423+00,"Up, es un indigente",,,,
1229,2026-01-14 15:44:24.002022+00,Que te vaya bien en la corte interamericana de derechos humanos. Suerte comprobando esto.,,,,
1230,2026-01-14 15:45:06.483166+00,Me lo va a llevar en una tabla con los artículos gracias a su indexpenal,,,,
1231,2026-01-14 15:45:41.120751+00,No. Lo que le puedo lamer es la picha a su mejor amigo.,,,,
1232,2026-01-14 15:47:40.219366+00,traete el dinero de deel para que andes plata en la tarjeta,,,,
1233,2026-01-14 15:50:12.610675+00,usted tiene lo que tienen los CEOs,,,,
1234,2026-01-14 15:50:31.171974+00,que se haga JD hijueputa,,,,
1235,2026-01-14 15:52:43.255588+00,No es una onda sonora. Estamos en tu cabeza. Tu madre no tiene que vivir contigo. ,,,,
1236,2026-01-14 15:54:37.692707+00,Deja de masturbarte con dragón ball z,,,,
1237,2026-01-14 15:55:10.251632+00,Soy la mamá de Diego i,,,,
1238,2026-01-14 15:55:30.189199+00,Por eso Estoy Aqui. Soy tu tío mao,,,,
1239,2026-01-14 15:56:05.023481+00,The site does not upload because we interrupt it,,,,
1240,2026-01-14 15:56:46.519465+00,Son del hijueputa tubo idiotas,,,,
1241,2026-01-14 15:57:28.881213+00,Hay argumentos de la mamá de el que aparecen a los 40 años,,,,
1242,2026-01-14 15:59:33.447028+00,We are the secret service,,,,
1243,2026-01-14 16:02:38.414977+00,no tiene problema con frustración,,,,
1244,2026-01-14 16:04:31.904939+00,se le interrumpe el GitHub con la llave que no tenia que haber subido,,,,
1245,2026-01-14 16:41:45.236006+00,"Por qué es la compleción de la oración, no su intención ",,,,
1246,2026-01-14 17:03:44.609062+00,A ver a qué hora recupera el habla,,,,
1247,2026-01-14 17:09:37.246757+00,"Hi, how do you like his innie?",,,,
1248,2026-01-14 17:13:36.836123+00,posee gesto de autismo aunque no lo puedan creer,,,,
1249,2026-01-14 17:13:41.567624+00,somos la interpol,,,,
1250,2026-01-14 17:13:53.790786+00,autumn you were tracked on his log,,,,
1251,2026-01-14 17:14:03.038657+00,why is this bitch keeping track of things?,,,,
1252,2026-01-14 17:14:29.251231+00,welcome to my profession,,,,
1253,2026-01-14 17:15:52.501062+00,"por favor, cultura de demanda al gringo",,,,
1254,2026-01-14 17:16:24.348966+00,congrats on your Exxon mobile,,,,
1255,2026-01-14 17:16:55.453014+00,la hijueputa foto del badge maricón,,,,
1256,2026-01-14 17:20:23.492413+00,al fin le picó un lunar,,,,